,Date,Close,yhat,yhat_lower,yhat_upper,Symbols
0,2015-07-06,36.709999084472656,35.00495955478529,32.42172435828829,37.74910386110216,pypl
1,2015-07-07,36.619998931884766,35.348397856348654,32.53652159649283,38.18377178753719,pypl
2,2015-07-08,34.70000076293945,35.67936239132011,32.90318137049929,38.48725092726089,pypl
3,2015-07-09,34.5,35.963642938987945,33.13492431613215,38.785533194973,pypl
4,2015-07-10,34.689998626708984,36.1732674619121,33.446228005145144,39.06749504138622,pypl
5,2015-07-13,36.779998779296875,36.70469892097087,33.731858470386825,39.57217469999278,pypl
6,2015-07-14,36.93000030517578,37.0100630739791,33.95208849769959,39.6477333315297,pypl
7,2015-07-15,37.5099983215332,37.28086172494333,34.52574943548232,40.292499069366684,pypl
8,2015-07-16,38.630001068115234,37.48404177643656,34.76452961355524,40.22000296390036,pypl
9,2015-07-17,38.38999938964844,37.593238877449416,34.67329255768544,40.39956398255776,pypl
10,2015-07-20,40.470001220703125,37.72924909077917,34.96365142596228,40.47612517181035,pypl
11,2015-07-21,39.349998474121094,37.88019611660999,35.21829094280885,40.5928096356135,pypl
12,2015-07-22,38.38999938964844,37.99016452257961,35.45276207671745,40.96286991466134,pypl
13,2015-07-23,37.0099983215332,38.02918479196909,35.15105949988065,40.791718257234635,pypl
14,2015-07-24,37.0,37.97396852457187,35.30328337336983,40.79252755934,pypl
15,2015-07-27,36.38999938964844,37.64432609410333,34.658955056589214,40.62894061057333,pypl
16,2015-07-28,37.599998474121094,37.65793749111415,34.894704791514464,40.3866120140939,pypl
17,2015-07-29,37.95000076293945,37.64314540670075,35.04132520436091,40.48301395754445,pypl
18,2015-07-30,38.45000076293945,37.57164016849312,34.821480076687614,40.55248041311404,pypl
19,2015-07-31,38.70000076293945,37.42140177420115,34.81957127091506,40.380762599838576,pypl
20,2015-08-03,39.38999938964844,36.90625500518582,33.946048855738724,39.81312432775795,pypl
21,2015-08-04,38.95000076293945,36.891368966004364,34.162773513465254,40.00930375404431,pypl
22,2015-08-05,39.27000045776367,36.86386745927916,33.74848429308529,39.534513328332665,pypl
23,2015-08-06,38.849998474121094,36.794402779397274,34.06079452875107,39.35526576085343,pypl
24,2015-08-07,39.130001068115234,36.659635596755955,33.8082716189303,39.56503001426573,pypl
25,2015-08-10,39.04999923706055,36.25516977486221,33.5634950401989,39.05972566658582,pypl
26,2015-08-11,38.849998474121094,36.29251875635754,33.61314049793053,39.09834859144128,pypl
27,2015-08-12,38.189998626708984,36.32176664421038,33.613361793569005,38.92592649574814,pypl
28,2015-08-13,37.619998931884766,36.311722628052024,33.59090048190305,39.092635460629324,pypl
29,2015-08-14,38.13999938964844,36.237311959600305,33.514428802662614,38.97317683426639,pypl
30,2015-08-17,38.72999954223633,36.004700029548026,33.21544922445872,38.874210992587706,pypl
31,2015-08-18,37.9900016784668,36.092390738115505,33.19343739275186,39.05832151779494,pypl
32,2015-08-19,37.189998626708984,36.16718474611661,33.34007038617758,39.27815977826702,pypl
33,2015-08-20,35.97999954223633,36.19748255226738,33.58909008184734,39.13717316518006,pypl
34,2015-08-21,34.25,36.15805300877094,33.419917245826326,39.09979612306408,pypl
35,2015-08-24,33.75,36.00005864282106,33.23530788139029,38.87841754414905,pypl
36,2015-08-25,32.70000076293945,36.10406234089203,33.234576245407446,38.85018669641235,pypl
37,2015-08-26,33.16999816894531,36.19200511901582,33.110458500247304,39.09580018586912,pypl
38,2015-08-27,34.619998931884766,36.233073272939755,33.413423174616604,39.038267487579226,pypl
39,2015-08-28,35.040000915527344,36.202836219717625,33.47585762766873,39.091617555213965,pypl
40,2015-08-31,35.0,36.070250020971436,33.25780320688422,38.555872901876974,pypl
41,2015-09-01,33.77000045776367,36.18391459834991,33.479677334740614,38.912944029685036,pypl
42,2015-09-02,35.06999969482422,36.28269397676916,33.41081001024032,39.307213977947136,pypl
43,2015-09-03,35.310001373291016,36.33584329093575,33.613290926243316,39.24047734216212,pypl
44,2015-09-04,34.290000915527344,36.31879408112144,33.55551423560091,39.03683808150585,pypl
45,2015-09-08,34.70000076293945,36.353772541443426,33.34539786343537,38.91530033848697,pypl
46,2015-09-09,34.369998931884766,36.46224973618462,33.56171569959315,39.31010043692926,pypl
47,2015-09-10,33.459999084472656,36.521478040699385,33.57104896702088,39.24998034886342,pypl
48,2015-09-11,33.54999923706055,36.50569969891029,33.71555463071007,39.425268760039074,pypl
49,2015-09-14,33.77000045776367,36.378154225730555,33.642586617177244,39.27338828931146,pypl
50,2015-09-15,33.79999923706055,36.4748352251237,33.7062090700822,39.18954008169577,pypl
51,2015-09-16,33.77000045776367,36.54435980501205,33.78802022124588,39.47336836189435,pypl
52,2015-09-17,33.31999969482422,36.55438995350639,33.59752488308127,39.178085609841986,pypl
53,2015-09-18,32.91999816894531,36.478992358298825,33.783848999839066,39.28903862818424,pypl
54,2015-09-21,34.25,36.113087850752656,33.338724159843224,38.89015915460887,pypl
55,2015-09-22,33.349998474121094,36.11318795506868,33.326112420948604,38.94143180380598,pypl
56,2015-09-23,34.15999984741211,36.079772482908965,33.34953691290029,38.970426132476796,pypl
57,2015-09-24,33.90999984741211,35.98230849241921,33.1251854690564,39.109517679461135,pypl
58,2015-09-25,33.77000045776367,35.796949404383,33.00154990585024,38.72322525361213,pypl
59,2015-09-28,32.25,35.110494752188345,32.412515097164615,38.112726986934945,pypl
60,2015-09-29,30.6299991607666,35.015594446551205,32.209255905348485,37.883706707254326,pypl
61,2015-09-30,31.040000915527344,34.89758781896323,32.02614684438756,37.78020204200764,pypl
62,2015-10-01,31.479999542236328,34.728550767325714,32.098624540405545,37.5133905715333,pypl
63,2015-10-02,32.83000183105469,34.487086653770206,31.758187143810627,37.289880932051666,pypl
64,2015-10-05,32.66999816894531,33.74572404037948,30.87215951246397,36.60120142083895,pypl
65,2015-10-06,31.860000610351562,33.67542822513083,30.793184167626563,36.66607634868313,pypl
66,2015-10-07,32.380001068115234,33.604954925973686,30.513929674450832,36.4576963317733,pypl
67,2015-10-08,31.670000076293945,33.5065282163641,30.859283488452398,36.44433460892374,pypl
68,2015-10-09,32.060001373291016,33.35836959331042,30.58217210713248,36.02537728948141,pypl
69,2015-10-12,32.630001068115234,33.07899384286984,30.284651245190798,35.84162028137919,pypl
70,2015-10-13,33.220001220703125,33.120520257102235,30.147768682176558,36.02241840920597,pypl
71,2015-10-14,34.04999923706055,33.232625841957635,30.450649106100823,36.02296707329047,pypl
72,2015-10-15,34.619998931884766,33.32646621037599,30.40455370542312,36.13641827090272,pypl
73,2015-10-16,34.290000915527344,33.376666682019604,30.566869728037542,36.16940605984256,pypl
74,2015-10-19,34.84000015258789,33.63221780822322,30.70181614999719,36.38000429218585,pypl
75,2015-10-20,34.869998931884766,33.914985343410294,31.010806425644354,36.79873601670129,pypl
76,2015-10-21,33.83000183105469,34.196986193325806,31.503702481550775,36.99773510635689,pypl
77,2015-10-22,34.790000915527344,34.443551979915576,31.58746719123596,37.34388346035672,pypl
78,2015-10-23,34.9900016784668,34.62602473007671,31.869976668721193,37.45276370315004,pypl
79,2015-10-26,36.439998626708984,35.12939641523928,32.35537775104352,37.830843685363014,pypl
80,2015-10-27,35.939998626708984,35.43899608485224,32.622225480262465,38.20127868153128,pypl
81,2015-10-28,36.52000045776367,35.71838502440751,33.09157383873627,38.57836563669545,pypl
82,2015-10-29,35.90999984741211,35.932922662379276,33.00727525654076,38.75799534202341,pypl
83,2015-10-30,36.0099983215332,36.05463256017032,33.0971868842535,38.78685608698592,pypl
84,2015-11-02,36.9900016784668,36.21954450425655,33.65182721355011,39.0502887571967,pypl
85,2015-11-03,37.900001525878906,36.37254417139247,33.4470445095408,39.30934699190137,pypl
86,2015-11-04,37.599998474121094,36.47880774815882,33.55261111703291,39.35821801354733,pypl
87,2015-11-05,36.709999084472656,36.50748990403696,33.7060305766425,39.40103191559894,pypl
88,2015-11-06,36.2400016784668,36.43466836375127,33.49150668732659,39.158567976093344,pypl
89,2015-11-09,36.599998474121094,36.00624361240598,33.159369377515596,38.91029609654211,pypl
90,2015-11-10,37.0,35.972184386125555,33.36006118406388,39.02238418944958,pypl
91,2015-11-11,36.33000183105469,35.529034681003836,32.809619781925036,38.46469586713455,pypl
92,2015-11-12,35.56999969482422,35.77223496323935,32.985048896112524,38.60529267857768,pypl
93,2015-11-13,34.529998779296875,35.5580986142125,32.68698853664462,38.46518605656831,pypl
94,2015-11-16,35.61000061035156,34.839008781549765,32.05497136198042,37.440323672635905,pypl
95,2015-11-17,36.209999084472656,34.757093940912384,32.06976381189793,37.51155901608561,pypl
96,2015-11-18,36.220001220703125,34.66561035489071,31.733324820005535,37.34941033884825,pypl
97,2015-11-19,36.189998626708984,34.53667602647161,31.902947791735826,37.31719115828864,pypl
98,2015-11-20,36.36000061035156,34.3266713324755,31.676340395651906,37.016606153785126,pypl
99,2015-11-23,35.560001373291016,33.74224863022612,30.73338856699057,36.67492352838222,pypl
100,2015-11-24,35.119998931884766,33.73719513676096,31.025578403996825,36.76165949065972,pypl
101,2015-11-25,35.36000061035156,33.733289263529734,30.96301302296243,36.484071096687735,pypl
102,2015-11-27,35.18000030517578,33.609199305782056,30.92461402505171,36.36798826942867,pypl
103,2015-11-30,35.2599983215332,33.371711864820085,30.468565388149802,36.111154098357844,pypl
104,2015-12-01,35.16999816894531,33.46717354332588,30.654224377991607,36.120207833324045,pypl
105,2015-12-02,35.150001525878906,33.55164458541255,30.602655592283327,36.30055324524114,pypl
106,2015-12-03,34.22999954223633,33.59163395051056,30.722795936114615,36.35117704139115,pypl
107,2015-12-04,35.619998931884766,33.55995627241911,30.708727916392547,36.39628134615937,pypl
108,2015-12-07,35.15999984741211,33.39447628816572,30.35580848414793,36.163722651603955,pypl
109,2015-12-08,35.599998474121094,33.479991258915945,30.559590115889854,36.0851101855859,pypl
110,2015-12-09,35.06999969482422,33.53911904630718,30.720116396982295,36.26769658918117,pypl
111,2015-12-10,35.4900016784668,33.54010451249196,30.543579288469594,36.229495661629855,pypl
112,2015-12-11,34.689998626708984,33.457955258016376,30.609342621673772,36.37331289659764,pypl
113,2015-12-14,35.0099983215332,33.09955451253852,30.24697518248953,35.87124930222236,pypl
114,2015-12-15,36.31999969482422,33.11723085410321,30.434414766011137,36.089693713790524,pypl
115,2015-12-16,35.97999954223633,33.112183200126736,30.453736491806556,35.76375413268373,pypl
116,2015-12-17,35.540000915527344,33.05587601707294,30.48832728813243,35.71598986812621,pypl
117,2015-12-18,34.97999954223633,32.9263754648095,30.26805687107773,35.85804927505378,pypl
118,2015-12-21,36.08000183105469,32.51185495422194,29.634846754386587,35.07976083190205,pypl
119,2015-12-22,36.80500030517578,32.54624804034129,29.785126828643584,35.17073770952467,pypl
120,2015-12-23,37.11000061035156,32.57780323966764,29.699319104860404,35.482175547962,pypl
121,2015-12-24,37.06999969482422,32.57846441343553,29.654372113506277,35.33864316552359,pypl
122,2015-12-28,36.61000061035156,32.45506733709102,29.539926142663155,35.46274631297862,pypl
123,2015-12-29,37.08000183105469,32.63512289077731,29.81631707461899,35.6926764979272,pypl
124,2015-12-30,36.47999954223633,32.82368792726581,30.17882145179035,35.66028561929831,pypl
125,2015-12-31,36.20000076293945,32.98954714599472,30.144210954771637,35.58052997665834,pypl
126,2016-01-04,34.75,33.53714409241206,30.5799329026657,36.37567302097237,pypl
127,2016-01-05,34.310001373291016,33.86877338433661,31.186515892496622,36.67577097751107,pypl
128,2016-01-06,33.97999954223633,34.19517972551981,31.34103367623518,37.12058436789289,pypl
129,2016-01-07,33.130001068115234,34.48190021726851,31.675880592013915,37.554612928710895,pypl
130,2016-01-08,32.689998626708984,34.70055163971136,31.844784470326605,37.472108870727176,pypl
131,2016-01-11,33.040000915527344,35.19314787180579,32.52640321541622,37.8178374719991,pypl
132,2016-01-12,33.08000183105469,35.49403581018904,32.6709430152889,38.4797369130858,pypl
133,2016-01-13,32.119998931884766,35.763077586377,32.7377479159057,38.60666304622722,pypl
134,2016-01-14,32.869998931884766,35.9662513862559,33.12882531027147,38.83374528903026,pypl
135,2016-01-15,32.310001373291016,36.07622708786602,33.16638551052644,38.935373883492794,pypl
136,2016-01-19,32.20000076293945,36.3566798281298,33.34737968425828,39.046062434410466,pypl
137,2016-01-20,31.200000762939453,36.459123910216434,33.60569783781632,39.23278847998823,pypl
138,2016-01-21,31.200000762939453,36.487356885797226,33.8294707912293,39.27946085053367,pypl
139,2016-01-22,31.690000534057617,36.41794279269928,33.68690206128156,39.167955359365614,pypl
140,2016-01-25,31.469999313354492,36.02673992453445,33.381984713696454,38.70988190457512,pypl
141,2016-01-26,31.969999313354492,36.015014956924524,33.21722669469792,38.741080937092406,pypl
142,2016-01-27,31.59000015258789,35.97371711360395,33.160354357095315,38.93289677155507,pypl
143,2016-01-28,34.2400016784668,35.87554486275807,32.8766089426428,38.68466898799575,pypl
144,2016-01-29,36.13999938964844,35.69963539836822,32.963460302703794,38.69560573289971,pypl
145,2016-02-01,37.08000183105469,35.126684774427154,32.22383451621059,37.76836397583299,pypl
146,2016-02-02,36.83000183105469,35.10367421002028,32.0992966404132,37.93985809162405,pypl
147,2016-02-03,37.0099983215332,35.07603023184359,32.21063372138747,37.94532060561631,pypl
148,2016-02-04,37.16999816894531,35.0157969121618,32.35915430533093,37.84213083254482,pypl
149,2016-02-05,35.06999969482422,34.90093773975375,32.27935365139071,37.77973919949609,pypl
150,2016-02-08,33.61000061035156,34.63120747642371,31.80829972126826,37.43269159393811,pypl
151,2016-02-09,32.70000076293945,34.741209778430715,31.67022474037155,37.58794312904462,pypl
152,2016-02-10,32.900001525878906,34.857802177984276,32.04173540914257,37.6080248835205,pypl
153,2016-02-11,33.52000045776367,34.949915740478936,32.20145404383851,37.77225766746627,pypl
154,2016-02-12,34.29999923706055,34.99233366887278,32.18147591313031,37.879561908365794,pypl
155,2016-02-16,35.459999084472656,35.44932648131336,32.62684043422316,38.18657942298404,pypl
156,2016-02-17,36.36000061035156,35.70303230274819,32.793124301280855,38.340708225193275,pypl
157,2016-02-18,36.310001373291016,35.920757116429925,33.279758956999714,38.73528086503656,pypl
158,2016-02-19,35.7599983215332,36.07553114441845,33.18937975751969,38.788787584494074,pypl
159,2016-02-22,36.0,36.521841217606365,33.65084273332618,39.42714731202114,pypl
160,2016-02-23,35.47999954223633,36.82795550561813,34.24947718253279,39.66147639105977,pypl
161,2016-02-24,36.470001220703125,37.11510627966193,34.305850001023394,39.850477044583336,pypl
162,2016-02-25,36.7400016784668,37.350651051309626,34.41881119357805,40.15492874618578,pypl
163,2016-02-26,37.4900016784668,37.44618798882108,34.5855714791491,40.120193373451386,pypl
164,2016-02-29,38.13999938964844,37.63832341708297,35.08637374534825,40.48950883486884,pypl
165,2016-03-01,39.25,37.839187232737345,34.883080643058804,40.52730682036236,pypl
166,2016-03-02,39.15999984741211,38.01356929172329,35.36526425567496,40.75467343233146,pypl
167,2016-03-03,39.02000045776367,38.13052156536246,35.294080355685445,40.95141759187797,pypl
168,2016-03-04,39.040000915527344,38.16557824355078,35.24821873418107,41.10366217481484,pypl
169,2016-03-07,38.97999954223633,38.16637143765294,35.513639960167936,40.94312932766836,pypl
170,2016-03-08,38.15999984741211,38.30445825226618,35.464995487012004,41.0813631213989,pypl
171,2016-03-09,38.56999969482422,38.41826476870712,35.640052197095194,41.115198157139794,pypl
172,2016-03-10,38.4900016784668,38.47756024482608,35.746612142437975,41.27556081974402,pypl
173,2016-03-11,39.4900016784668,38.45838867128564,35.786249138202315,41.270111760297084,pypl
174,2016-03-14,39.380001068115234,38.31923017589241,35.35131718130587,41.2257032752006,pypl
175,2016-03-15,39.27000045776367,38.41810602025748,35.41291746542867,41.30260000117777,pypl
176,2016-03-16,39.84000015258789,38.49600814570668,35.805215201535496,41.12256069736166,pypl
177,2016-03-17,39.93000030517578,38.522313552577785,35.92139531307608,41.3825501011843,pypl
178,2016-03-18,39.40999984741211,38.472623576846445,35.52307552722108,41.289243562544776,pypl
179,2016-03-21,41.13999938964844,38.252254053068604,35.523748105529556,41.07723284672298,pypl
180,2016-03-22,41.31999969482422,38.326208401669895,35.38831311931405,41.058662264814515,pypl
181,2016-03-23,40.52000045776367,38.37980460585066,35.762838317730214,41.103738605249234,pypl
182,2016-03-24,38.91999816894531,38.38230177580692,35.52011738572343,41.20025149108925,pypl
183,2016-03-28,38.7400016784668,38.02400227809661,35.144910338385394,40.65434146739622,pypl
184,2016-03-29,39.529998779296875,38.07922178460686,35.281870415545555,40.993378102723696,pypl
185,2016-03-30,39.040000915527344,38.1164130231272,35.31928457501611,40.91292869544531,pypl
186,2016-03-31,38.599998474121094,38.1054660798852,35.44861136036154,40.97851230114861,pypl
187,2016-04-01,39.400001525878906,38.02265209819323,35.089330112039896,40.95607909917793,pypl
188,2016-04-04,38.790000915527344,37.73613257259172,35.05874831547156,40.50107554709309,pypl
189,2016-04-05,38.54999923706055,37.802246414856874,34.88990815519398,40.760462882592826,pypl
190,2016-04-06,39.15999984741211,37.85667579604717,35.05695120179008,40.76392627134595,pypl
191,2016-04-07,38.279998779296875,37.86951874840805,34.96811200051836,40.477911724015094,pypl
192,2016-04-08,38.40999984741211,37.817082925942124,35.00631570527174,40.62748447152815,pypl
193,2016-04-11,38.060001373291016,37.65872176977589,35.01065182162533,40.400044482954655,pypl
194,2016-04-12,37.79999923706055,37.778064738571,34.933457649927014,40.542246097064954,pypl
195,2016-04-13,38.790000915527344,37.88957658090788,35.16410691745929,40.75544121462292,pypl
196,2016-04-14,38.63999938964844,37.96225112193973,35.19606083714643,40.63564581351803,pypl
197,2016-04-15,38.58000183105469,37.97114682723955,35.06458802364259,40.665688058661445,pypl
198,2016-04-18,39.63999938964844,37.99179199324848,35.28497427046374,40.827185020274854,pypl
199,2016-04-19,39.2400016784668,38.16424721817764,35.42528234796116,41.048007277550724,pypl
200,2016-04-20,40.08000183105469,38.323179071132145,35.5063084242518,41.1083920468408,pypl
201,2016-04-21,40.099998474121094,38.43624501817712,35.555897480360606,40.99468177499732,pypl
202,2016-04-22,40.310001373291016,38.4773035812022,35.59288692337219,41.01716413394161,pypl
203,2016-04-25,39.81999969482422,38.5359345316723,35.60413693961731,41.15183372296408,pypl
204,2016-04-26,39.72999954223633,38.69969381728575,35.83167066463136,41.5370074780445,pypl
205,2016-04-27,40.0099983215332,38.839002052779065,35.79767727647434,41.68096078680247,pypl
206,2016-04-28,40.06999969482422,38.921806115172664,36.153737193946036,41.59812362133412,pypl
207,2016-04-29,39.18000030517578,38.92255131666617,36.381375337045924,41.76335609780361,pypl
208,2016-05-02,39.02000045776367,38.81002628963143,35.979877846584884,41.498659713317984,pypl
209,2016-05-03,38.36000061035156,38.90460786422283,36.08552212605651,41.653456735292295,pypl
210,2016-05-04,38.310001373291016,38.971488802327805,36.1550895861653,42.09311108832085,pypl
211,2016-05-05,38.95000076293945,38.98051796498105,36.15895521351565,41.64742337322024,pypl
212,2016-05-06,39.47999954223633,38.90811490870314,36.15360388102674,41.72206815491255,pypl
213,2016-05-09,39.619998931884766,38.59955743715471,35.7546061022398,41.3341090829566,pypl
214,2016-05-10,40.11000061035156,38.64272053850081,35.96746833994711,41.45114768334143,pypl
215,2016-05-11,39.709999084472656,38.66779849462478,35.90191901317124,41.367245611654894,pypl
216,2016-05-12,39.5099983215332,38.645880499989126,35.94538211265862,41.41962444314012,pypl
217,2016-05-13,39.47999954223633,38.55433163884497,35.81445025597391,41.227499379900884,pypl
218,2016-05-16,39.29999923706055,38.26353710297111,35.548536948435554,40.94534128562586,pypl
219,2016-05-17,39.064998626708984,38.337338012730555,35.65875176911947,41.384832857451016,pypl
220,2016-05-18,38.97999954223633,38.40431479925193,35.67209548722258,41.26413323104108,pypl
221,2016-05-19,37.650001525878906,38.43436536021388,35.540336126779934,41.263737868092406,pypl
222,2016-05-20,37.529998779296875,38.403341704261116,35.55021586490555,41.14225850552809,pypl
223,2016-05-23,38.06999969482422,38.326348204581315,35.41936093368637,41.262224160229835,pypl
224,2016-05-24,38.91999816894531,38.47481627374862,35.51524745459795,41.2662009651101,pypl
225,2016-05-25,38.7599983215332,38.614213494250826,35.859264784163855,41.35656606359329,pypl
226,2016-05-26,38.06999969482422,38.71204190390227,35.82211780456473,41.36718678063592,pypl
227,2016-05-27,38.09000015258789,38.741834884500925,35.83395613780295,41.725938622344074,pypl
228,2016-05-31,37.790000915527344,38.9469994400521,36.18929642698523,42.018407368761466,pypl
229,2016-06-01,38.310001373291016,39.08486795055605,35.95101408392122,41.980777301248665,pypl
230,2016-06-02,38.560001373291016,39.16541214866008,36.2696090201397,41.942129657612504,pypl
231,2016-06-03,38.33000183105469,39.16200059808961,36.41507292306751,42.109836412348095,pypl
232,2016-06-06,38.099998474121094,39.01492946832498,35.90004837240257,41.94556458023653,pypl
233,2016-06-07,37.56999969482422,39.08731058643225,36.299714468657584,41.90457964201483,pypl
234,2016-06-08,37.54999923706055,39.12520953300501,36.2600598567881,42.011872446911994,pypl
235,2016-06-09,37.130001068115234,39.09780554089834,36.17919105434,41.84827043506082,pypl
236,2016-06-10,36.77000045776367,38.98101293018202,36.262884357221,41.71364284528547,pypl
237,2016-06-13,36.540000915527344,38.48937402434593,35.55951038162556,41.46425614144088,pypl
238,2016-06-14,37.15999984741211,38.45520509288026,35.54467551404636,41.068946391768016,pypl
239,2016-06-15,36.84000015258789,38.39552053172687,35.798009324602106,41.26276795605935,pypl
240,2016-06-16,36.970001220703125,38.28217775288013,35.42934383731689,41.131766186122924,pypl
241,2016-06-17,36.970001220703125,38.09352451291498,35.14710255192684,41.04184625959192,pypl
242,2016-06-20,36.86000061035156,37.490062246483234,34.64872229578998,40.19035502675596,pypl
243,2016-06-21,36.15999984741211,37.45757508171809,34.789028805186945,40.36975386682371,pypl
244,2016-06-22,36.0,37.420065296508845,34.576640050963505,40.27754490363163,pypl
245,2016-06-23,36.65999984741211,37.34924654983904,34.49809857300413,40.164140783772,pypl
246,2016-06-24,35.08000183105469,37.22281145868971,34.373340161013694,40.00907981206182,pypl
247,2016-06-27,34.20000076293945,36.91026762675881,33.91373419973959,39.689821297586455,pypl
248,2016-06-28,35.2400016784668,37.002651193474044,34.14944914245561,39.882999432155266,pypl
249,2016-06-29,35.77000045776367,37.09958908832935,34.36940429610382,40.0019316999243,pypl
250,2016-06-30,36.5099983215332,37.169734645442944,34.26067340132931,40.006271687685086,pypl
251,2016-07-01,36.349998474121094,37.18752982382879,34.26438852135789,40.184844594959934,pypl
252,2016-07-05,36.119998931884766,37.50980509399091,34.74434911523012,40.500442239589404,pypl
253,2016-07-06,35.93000030517578,37.71756619517004,34.81218011784802,40.4036840594091,pypl
254,2016-07-07,36.31999969482422,37.88284858011624,34.97313357918434,40.636463853352396,pypl
255,2016-07-08,37.36000061035156,37.97775615530372,35.015000068725676,40.820924637524506,pypl
256,2016-07-11,38.150001525878906,38.19004042874126,35.582523538288896,41.2036710440605,pypl
257,2016-07-12,38.790000915527344,38.396669152305854,35.50818320873588,41.12629037243431,pypl
258,2016-07-13,39.279998779296875,38.57200363381149,35.92479480918013,41.3965579002946,pypl
259,2016-07-14,39.959999084472656,38.682553025097405,35.72287430181903,41.46534837009317,pypl
260,2016-07-15,39.09000015258789,38.852558707751825,36.16132032964441,41.55218385127146,pypl
261,2016-07-18,38.91999816894531,39.179556137420526,36.36950976557078,42.200307614343025,pypl
262,2016-07-19,39.369998931884766,39.395107263486764,36.704647032594686,42.36308072827055,pypl
263,2016-07-20,40.04999923706055,39.569202099221556,36.64368644854698,42.196466110992716,pypl
264,2016-07-21,40.130001068115234,39.67133557295086,36.70858938926651,42.31862513515182,pypl
265,2016-07-22,37.41999816894531,39.67772389488669,36.85835941531353,42.48479463707647,pypl
266,2016-07-25,37.779998779296875,39.519711854688126,36.83984068674466,42.39125030546967,pypl
267,2016-07-26,37.689998626708984,39.585092556829224,36.814094344562335,42.426249465293196,pypl
268,2016-07-27,37.220001220703125,39.619010684383376,36.86582136741461,42.47218920342881,pypl
269,2016-07-28,37.220001220703125,39.59306951361212,36.73080727014847,42.398511270512145,pypl
270,2016-07-29,37.2400016784668,39.48523900438807,36.543296860678595,42.4398850664551,pypl
271,2016-08-01,37.060001373291016,39.07935468334752,36.3204928751829,41.8402808585726,pypl
272,2016-08-02,36.540000915527344,39.0955430325808,36.36498467376381,41.92430016235175,pypl
273,2016-08-03,36.58000183105469,39.096891828486946,36.1581281066184,41.9555769970132,pypl
274,2016-08-04,37.29999923706055,39.054379528065894,36.1198697500329,41.81716671076269,pypl
275,2016-08-05,38.099998474121094,38.945015605211125,36.057591813776035,41.80982539410645,pypl
276,2016-08-08,37.90999984741211,38.611057581589286,35.908512213959575,41.362940038125494,pypl
277,2016-08-09,38.099998474121094,38.671165683805015,35.78761546991061,41.397302941930676,pypl
278,2016-08-10,38.06999969482422,38.72332513182624,36.00980090226238,41.51189827431648,pypl
279,2016-08-11,38.459999084472656,38.73660953843495,36.09436942195199,41.52309673914954,pypl
280,2016-08-12,38.5099983215332,38.68616619357817,35.668966587439286,41.40292719775485,pypl
281,2016-08-15,38.459999084472656,38.53079759628658,35.52033410329036,41.28664283320103,pypl
282,2016-08-16,38.380001068115234,38.646272878558804,35.88481172116265,41.31425145998881,pypl
283,2016-08-17,38.13999938964844,38.74987876763516,36.03036176964211,41.72247022251428,pypl
284,2016-08-18,38.220001220703125,38.80995658283734,36.043396031557606,41.69239642478343,pypl
285,2016-08-19,38.09000015258789,38.80118045176853,36.26174441271284,41.65408957687126,pypl
286,2016-08-22,38.11000061035156,38.73905832219655,35.78993624231047,41.47921367531322,pypl
287,2016-08-23,37.86000061035156,38.875810969598284,36.28060147902805,41.54843372321523,pypl
288,2016-08-24,37.52000045776367,38.99663761597789,35.97846251725394,41.60535301326192,pypl
289,2016-08-25,37.5099983215332,39.07058316419184,36.092866540934665,41.92990958972394,pypl
290,2016-08-26,37.650001525878906,39.07309673157791,36.138862559004124,41.999694655806564,pypl
291,2016-08-29,37.290000915527344,39.03724760454748,36.238970285815796,41.81386558822012,pypl
292,2016-08-30,37.0,39.18258309599396,36.17994232817743,42.11728181772216,pypl
293,2016-08-31,37.150001525878906,39.312810657793584,36.645486365024695,42.11950235298628,pypl
294,2016-09-01,36.83000183105469,39.39728455252836,36.62184297726821,42.03456676812045,pypl
295,2016-09-02,37.06999969482422,39.411572875065474,36.62999296305381,42.080056230104525,pypl
296,2016-09-06,37.18000030517578,39.575792829194356,36.633815842518935,42.468070505628184,pypl
297,2016-09-07,38.560001373291016,39.71865294102741,37.16339404494295,42.64156788529992,pypl
298,2016-09-08,39.27000045776367,39.81354863155609,37.21894707679506,42.63548220047857,pypl
299,2016-09-09,38.0099983215332,39.83493090952094,37.06366179331526,42.65823327453122,pypl
300,2016-09-12,38.77000045776367,39.829460524345734,37.10914347774647,42.78623260722525,pypl
301,2016-09-13,39.86000061035156,39.970695984486696,36.89776285275382,42.83226787212471,pypl
302,2016-09-14,39.959999084472656,40.08673987457247,37.165334939170975,42.68436541130557,pypl
303,2016-09-15,40.83000183105469,40.14518326398612,37.151492702886245,42.874794430731534,pypl
304,2016-09-16,40.70000076293945,40.11995676493425,37.252114967765166,42.858142716283545,pypl
305,2016-09-19,40.0099983215332,39.912776625104044,37.05967423740864,42.80326084810928,pypl
306,2016-09-20,39.689998626708984,39.96743838341846,37.158159105372924,42.71809844205673,pypl
307,2016-09-21,40.290000915527344,39.988736994789846,37.15033377595642,42.6726195986193,pypl
308,2016-09-22,40.4900016784668,39.94567268544844,37.011196545008175,42.600077692616615,pypl
309,2016-09-23,40.06999969482422,39.81390529280404,37.02205304772222,42.701608680642615,pypl
310,2016-09-26,40.34000015258789,39.27830687990074,36.51351546757636,42.369818693395686,pypl
311,2016-09-27,41.060001373291016,39.228746221357945,36.24553388340123,42.16568747175528,pypl
312,2016-09-28,40.970001220703125,39.152861227498725,36.445887291702064,42.0005792406821,pypl
313,2016-09-29,40.38999938964844,39.0223543076221,36.04534264260492,41.90860203230091,pypl
314,2016-09-30,40.970001220703125,38.81552216651418,36.062568655705064,41.71514518759979,pypl
315,2016-10-03,40.59000015258789,38.152820667556576,35.226344843589764,40.93004871526313,pypl
316,2016-10-04,40.779998779296875,38.1001801399361,35.28837429949068,41.017030555258,pypl
317,2016-10-05,40.439998626708984,38.04325063402665,35.35314178328751,40.846602494533585,pypl
318,2016-10-06,40.18000030517578,37.95451064860554,35.188433596938765,40.64599545708135,pypl
319,2016-10-07,39.880001068115234,37.812534403080754,34.874465033422084,40.65534031452891,pypl
320,2016-10-10,39.86000061035156,37.53554526779528,34.914620820921904,40.240617417930125,pypl
321,2016-10-11,39.189998626708984,37.57447977070592,34.688220376206196,40.28576029271066,pypl
322,2016-10-12,39.529998779296875,37.683443624726884,34.87918111438088,40.567678678233506,pypl
323,2016-10-13,39.20000076293945,37.77433349829955,35.14844175796472,40.43614541186789,pypl
324,2016-10-14,39.2400016784668,37.822528533538176,35.01942010462223,40.66506470328084,pypl
325,2016-10-17,39.47999954223633,38.082461238256876,35.28022723779755,40.96945986900132,pypl
326,2016-10-18,39.83000183105469,38.37329220347827,35.668636529164445,41.21921155652956,pypl
327,2016-10-19,40.2400016784668,38.66763568682782,35.913486299344946,41.48605283378519,pypl
328,2016-10-20,40.09000015258789,38.93128577113238,36.1339752070274,41.78935687869167,pypl
329,2016-10-21,44.150001525878906,39.13594616936505,36.312031993174855,41.77595163046425,pypl
330,2016-10-24,43.869998931884766,39.73842021076713,36.94836228868269,42.39111791575983,pypl
331,2016-10-25,43.310001373291016,40.091938638106065,37.50480576667183,42.81118130701356,pypl
332,2016-10-26,42.33000183105469,40.42040310815002,37.428749842560514,43.160859736764316,pypl
333,2016-10-27,41.689998626708984,40.688825270845776,37.89123095402552,43.412871040917196,pypl
334,2016-10-28,41.7599983215332,40.868773128461875,38.34937795815127,43.70513305968319,pypl
335,2016-10-31,41.65999984741211,41.22859131912326,38.19539640760773,43.97810695054973,pypl
336,2016-11-01,41.540000915527344,41.450959754919595,38.79617135368281,44.04184375419386,pypl
337,2016-11-02,41.349998474121094,41.627509282336824,38.837875158609165,44.48589939238962,pypl
338,2016-11-03,41.189998626708984,41.72659383063263,38.952577426855065,44.67367082644584,pypl
339,2016-11-04,40.900001525878906,41.72349711692812,38.95482339296145,44.41528332757703,pypl
340,2016-11-07,41.279998779296875,41.49274697732163,38.74337274462532,44.55216135203349,pypl
341,2016-11-08,41.58000183105469,41.51856195826369,38.88829505517032,44.601048394620015,pypl
342,2016-11-09,41.2599983215332,41.50565866011006,38.933880063557,44.36611530523983,pypl
343,2016-11-10,40.45000076293945,41.42628077765031,38.71297711469704,44.32038154865093,pypl
344,2016-11-11,40.08000183105469,40.8850098737162,38.211421078408996,43.818539632920064,pypl
345,2016-11-14,38.810001373291016,40.65331151313814,38.12497531958318,43.46700903262318,pypl
346,2016-11-15,38.939998626708984,40.599953900653176,37.65584038375033,43.34266309900528,pypl
347,2016-11-16,39.06999969482422,40.53287629665391,37.71176799707129,43.29175539943765,pypl
348,2016-11-17,39.880001068115234,40.4246046335583,37.467817044189715,42.88887818799445,pypl
349,2016-11-18,40.08000183105469,40.25363690369173,37.46137320206406,43.149770093234025,pypl
350,2016-11-21,40.630001068115234,39.772746147649435,36.83425686737608,42.62508979802633,pypl
351,2016-11-22,40.33000183105469,39.799851785041106,36.98185773382807,42.61742206303455,pypl
352,2016-11-23,40.04999923706055,39.828052957387285,37.05729178871023,42.54579466935835,pypl
353,2016-11-25,40.2599983215332,39.770607161910455,37.065320708470196,42.634498346094816,pypl
354,2016-11-28,39.959999084472656,39.647516937717185,36.72429902561916,42.59959732886745,pypl
355,2016-11-29,39.88999938964844,39.786662234105385,37.00267726450759,42.46289962343034,pypl
356,2016-11-30,39.279998779296875,39.91802909325184,37.05717047358059,42.787083656418034,pypl
357,2016-12-01,38.34000015258789,39.91463762941555,37.12978742668423,42.72762269484074,pypl
358,2016-12-02,38.619998931884766,39.84288795487202,37.03377507049956,42.67806036942941,pypl
359,2016-12-05,38.9900016784668,39.575370061859516,36.86874513737861,42.290895270774094,pypl
360,2016-12-06,38.97999954223633,39.63188040619334,37.02349725199561,42.58422033638007,pypl
361,2016-12-07,39.45000076293945,39.66376979917891,36.6971126145214,42.39696626395894,pypl
362,2016-12-08,39.61000061035156,39.638740627841045,36.64045093857061,42.556141331630094,pypl
363,2016-12-09,39.650001525878906,39.531213424821026,36.76592948672309,42.46039137527399,pypl
364,2016-12-12,39.43000030517578,39.09433263151314,36.396251277397404,41.85062641040743,pypl
365,2016-12-13,39.43000030517578,39.08304177525907,36.43759798989045,41.57749967848381,pypl
366,2016-12-14,39.54999923706055,39.04668951785439,36.37050447900771,41.95871607631634,pypl
367,2016-12-15,39.540000915527344,38.956263078706286,36.09232870923724,41.73439579302497,pypl
368,2016-12-16,39.31999969482422,38.78942787935073,35.87351235608818,41.55043390343865,pypl
369,2016-12-19,39.439998626708984,38.24099476676111,35.4867110185851,41.01297372822421,pypl
370,2016-12-20,39.7400016784668,38.22309569451698,35.33537247591563,41.11759627036033,pypl
371,2016-12-21,40.09000015258789,38.19863052919469,35.220375862810855,41.05642622672522,pypl
372,2016-12-22,39.68000030517578,38.139767901459926,35.248113418218,40.950237164107506,pypl
373,2016-12-23,39.58000183105469,38.02479659963632,35.373072754541894,40.878072243326166,pypl
374,2016-12-27,39.720001220703125,37.86093667701056,35.10015526112816,40.77595427363317,pypl
375,2016-12-28,39.56999969482422,37.97884622893561,35.12158757036945,40.620720877826365,pypl
376,2016-12-29,39.959999084472656,38.07443929389419,34.86854051380579,40.966972805167686,pypl
377,2016-12-30,39.470001220703125,38.12293289638205,35.31074073051049,40.84034216662749,pypl
378,2017-01-03,40.25,38.63231840444063,35.92835810054478,41.607209597187705,pypl
379,2017-01-04,41.0,38.90469304298188,36.06601756012897,41.559091337855655,pypl
380,2017-01-05,41.060001373291016,39.1418772886295,36.44457975992817,41.900234628904286,pypl
381,2017-01-06,41.45000076293945,39.31576324059636,36.70882181930435,42.187814837495736,pypl
382,2017-01-09,41.400001525878906,39.802981616172964,36.899948056112876,42.626840986975076,pypl
383,2017-01-10,41.08000183105469,40.11174953443334,37.36789206240613,43.088416252170774,pypl
384,2017-01-11,41.279998779296875,40.39311046173234,37.676590542139245,43.21825692363932,pypl
385,2017-01-12,41.560001373291016,40.61264462036465,37.94850456357503,43.250936827700485,pypl
386,2017-01-13,41.599998474121094,40.742530063026784,38.19632314767185,43.5116003243183,pypl
387,2017-01-17,41.27000045776367,41.12573114805287,38.383877293300316,43.95207183304095,pypl
388,2017-01-18,41.349998474121094,41.256125643671155,38.428448625688866,44.16215913013734,pypl
389,2017-01-19,41.27000045776367,41.31173799871664,38.529954874184675,44.1331135110445,pypl
390,2017-01-20,41.689998626708984,41.26696221222991,38.50146192782667,44.06905019474853,pypl
391,2017-01-23,41.619998931884766,40.93530376344425,37.801406489523096,43.774552809676806,pypl
392,2017-01-24,41.959999084472656,40.93675239473057,38.381744673262595,43.70536897034673,pypl
393,2017-01-25,41.709999084472656,40.90455061492118,38.11490239748644,43.82083263129318,pypl
394,2017-01-26,41.5,40.81109401474956,37.939076897379465,43.6042633399928,pypl
395,2017-01-27,40.27000045776367,40.635319893847914,37.83947185007059,43.39441803831855,pypl
396,2017-01-30,39.86000061035156,40.03487821325515,36.89402538180185,42.82294304638419,pypl
397,2017-01-31,39.779998779296875,39.993782536416276,37.08063655175885,42.767254483091314,pypl
398,2017-02-01,39.310001373291016,39.94402178251145,37.23032773950045,42.87706448484214,pypl
399,2017-02-02,39.58000183105469,39.85802452491637,36.80906572870942,42.507547825277925,pypl
400,2017-02-03,39.59000015258789,39.714208421522045,36.72155502171181,42.40362998638728,pypl
401,2017-02-06,39.7400016784668,39.3437598827877,36.33711858495383,42.03815266133288,pypl
402,2017-02-07,40.02000045776367,39.41749999242912,36.5536865714137,42.20074162785657,pypl
403,2017-02-08,40.880001068115234,39.49747521738784,36.77399039078443,42.34952978710583,pypl
404,2017-02-09,40.83000183105469,39.55319594194489,36.985378869862295,42.44833683719789,pypl
405,2017-02-10,40.58000183105469,39.55999596476947,36.753560287849915,42.18570320657958,pypl
406,2017-02-13,41.16999816894531,39.66310920221681,36.86365266448138,42.49589843312887,pypl
407,2017-02-14,41.619998931884766,39.89163917632355,37.11915895248601,42.64515467563345,pypl
408,2017-02-15,41.869998931884766,40.120098600345,37.25479793053052,43.01008626097457,pypl
409,2017-02-16,42.150001525878906,40.315491745753896,37.61199312629113,43.22362886049823,pypl
410,2017-02-17,41.959999084472656,40.450957396347775,37.64861039607643,43.33478267660079,pypl
411,2017-02-21,42.43000030517578,41.15604570353929,38.54350915702304,44.07055242983116,pypl
412,2017-02-22,42.41999816894531,41.43819695216491,38.65877072895919,44.076764373893276,pypl
413,2017-02-23,42.529998779296875,41.671038197406546,38.87895632398838,44.62335322095064,pypl
414,2017-02-24,43.06999969482422,41.82816204983739,39.130966164839116,44.52959895773946,pypl
415,2017-02-27,42.63999938964844,42.21400393548944,39.49314064782196,45.194869919188044,pypl
416,2017-02-28,42.0,42.481357765326365,39.63672896225848,45.20564521772588,pypl
417,2017-03-01,42.43000030517578,42.722682146857416,39.75920419595337,45.51918834123394,pypl
418,2017-03-02,42.77000045776367,42.90675439918475,40.0903926796237,45.63269190492039,pypl
419,2017-03-03,43.029998779296875,43.008863567597714,40.11623680627692,45.58353050935278,pypl
420,2017-03-06,42.869998931884766,43.20849202023044,40.355422519136006,45.97052561677181,pypl
421,2017-03-07,42.88999938964844,43.411638685281446,40.71080360743919,46.090879323479875,pypl
422,2017-03-08,42.790000915527344,43.58977209286481,40.65659341347279,46.23055994132144,pypl
423,2017-03-09,42.91999816894531,43.71264309507734,41.02547898143245,46.37419290827181,pypl
424,2017-03-10,42.9900016784668,43.75630996208302,41.10019140765401,46.62978179613535,pypl
425,2017-03-13,42.59000015258789,43.80177246250838,41.064474859175014,46.68793293717499,pypl
426,2017-03-14,42.099998474121094,43.961153957491,41.32630285086718,46.748992270629174,pypl
427,2017-03-15,42.38999938964844,44.09919755600087,41.34198100333103,46.96513941936733,pypl
428,2017-03-16,42.400001525878906,44.18537158809277,41.377460176016086,47.21275275353642,pypl
429,2017-03-17,43.08000183105469,44.195359912331114,41.551457424146065,46.880756242653696,pypl
430,2017-03-20,43.15999984741211,44.153472301569465,41.424203933564854,46.994619141884144,pypl
431,2017-03-21,42.63999938964844,44.28682778297126,41.518059676244846,47.084672310923416,pypl
432,2017-03-22,43.189998626708984,44.39976410031709,41.6178069137243,47.244640284102445,pypl
433,2017-03-23,43.13999938964844,44.461493987668234,41.76155505365239,47.03969421556951,pypl
434,2017-03-24,43.130001068115234,44.44755409583083,41.72140977801622,47.24601010538183,pypl
435,2017-03-27,43.08000183105469,44.337354250814755,41.621697219596264,47.257243770995366,pypl
436,2017-03-28,43.150001525878906,44.44985397965676,41.635839064002,47.28347656745773,pypl
437,2017-03-29,43.2400016784668,44.54356494657526,41.591817807192456,47.23967436591799,pypl
438,2017-03-30,43.540000915527344,44.58825019079882,41.5027171002103,47.44626819315876,pypl
439,2017-03-31,43.02000045776367,44.56006448341407,41.86757190131836,47.41729022682624,pypl
440,2017-04-03,42.630001068115234,44.43052924288985,41.568636960479616,47.3619138090215,pypl
441,2017-04-04,42.720001220703125,44.54651160792743,41.89967835684851,47.37775409240157,pypl
442,2017-04-05,42.88999938964844,44.64958153987032,41.92907993209359,47.623512705902506,pypl
443,2017-04-06,42.900001525878906,44.70989322294614,41.90124868715579,47.40593686881266,pypl
444,2017-04-07,43.040000915527344,44.70384902975895,41.70921921394472,47.297395238741814,pypl
445,2017-04-10,43.04999923706055,44.67970709667801,41.89790161524815,47.577272415453606,pypl
446,2017-04-11,42.689998626708984,44.84280793377507,42.10463003304842,47.70627122660182,pypl
447,2017-04-12,42.4900016784668,44.997990398747206,42.097090220811424,47.86323135153498,pypl
448,2017-04-13,42.54999923706055,45.114518711310694,42.301642380945786,47.799542673449864,pypl
449,2017-04-17,43.099998474121094,45.326863877949414,42.51199955996126,48.292609658016666,pypl
450,2017-04-18,43.09000015258789,45.548176874007524,43.00555775269883,48.48594629265619,pypl
451,2017-04-19,43.29999923706055,45.757674370769415,43.04022348057634,48.53363262698894,pypl
452,2017-04-20,43.689998626708984,45.923175460078525,43.065947974569376,48.54969228187468,pypl
453,2017-04-21,43.810001373291016,46.01865486355233,42.909549052520426,48.8297467651044,pypl
454,2017-04-24,44.27000045776367,46.25284852682432,43.5849170198413,49.31907719261421,pypl
455,2017-04-25,44.709999084472656,46.54747767546678,43.750127305721314,49.556954296919955,pypl
456,2017-04-26,44.40999984741211,46.819418233515336,43.88887415562363,49.85352606488573,pypl
457,2017-04-27,47.150001525878906,47.03640893502967,44.28176117567725,49.81589461554914,pypl
458,2017-04-28,47.720001220703125,47.17263932567421,44.37284461339275,50.004877108454465,pypl
459,2017-05-01,47.540000915527344,47.471228037240216,44.866221242968116,50.35815334672707,pypl
460,2017-05-02,49.04999923706055,47.7032222849752,45.10918472626764,50.265571334798786,pypl
461,2017-05-03,49.02000045776367,47.90708123300359,45.0878052657151,50.63193836378065,pypl
462,2017-05-04,48.90999984741211,48.05228271988806,45.13321948242566,50.93123101940157,pypl
463,2017-05-05,49.29999923706055,48.11489192303784,45.32808416759549,50.97780919909428,pypl
464,2017-05-08,49.16999816894531,48.20133580615638,45.47656568898405,51.01136178068934,pypl
465,2017-05-09,49.220001220703125,48.372018248133955,45.43061721566071,51.05776891030718,pypl
466,2017-05-10,49.790000915527344,48.522279369139355,45.597107943428114,51.20940238966139,pypl
467,2017-05-11,49.70000076293945,48.623147056394444,45.74797984231518,51.67404914447004,pypl
468,2017-05-12,49.369998931884766,48.65199435029784,45.71034257879084,51.32989127952057,pypl
469,2017-05-15,49.77000045776367,48.70918014694192,45.96425339909924,51.34051139837731,pypl
470,2017-05-16,50.34000015258789,48.89528256973745,46.03369162870014,51.72876001786604,pypl
471,2017-05-17,49.04999923706055,49.07322056764098,46.29686175152561,52.03616624126797,pypl
472,2017-05-18,49.11000061035156,49.21327026383796,46.267517744891805,52.14843716788525,pypl
473,2017-05-19,49.38999938964844,49.29169852665589,46.45123835667753,52.10904705153331,pypl
474,2017-05-22,49.77000045776367,49.5442338138414,46.89665312749728,52.339170839789944,pypl
475,2017-05-23,50.130001068115234,49.804436301808025,47.09862805932066,52.57915032683338,pypl
476,2017-05-24,51.04999923706055,50.05722629587153,47.37278994326989,52.65063266458173,pypl
477,2017-05-25,50.93000030517578,50.27048422306154,47.38228487899473,52.8909282170345,pypl
478,2017-05-26,51.189998626708984,50.41807254328182,47.71468402038147,53.316416908832934,pypl
479,2017-05-30,51.060001373291016,51.122397467246614,48.2464781368346,53.8906264977171,pypl
480,2017-05-31,52.209999084472656,51.39246833608593,48.769183435970035,54.306218110974626,pypl
481,2017-06-01,53.15999984741211,51.608059805760924,48.762192938564816,54.44435247157574,pypl
482,2017-06-02,53.52000045776367,51.74233536024103,49.00968522684591,54.76564298673531,pypl
483,2017-06-05,53.79999923706055,52.0209796130844,49.08576161579612,54.810375986380635,pypl
484,2017-06-06,53.400001525878906,52.23809775756419,49.440510044355214,55.08047911498188,pypl
485,2017-06-07,53.849998474121094,52.42133000714614,49.73015127709696,55.24398939262892,pypl
486,2017-06-08,54.38999938964844,52.53931357143385,49.59285011440922,55.222432121705545,pypl
487,2017-06-09,53.400001525878906,52.59820560382933,49.789745215095536,55.573963533273194,pypl
488,2017-06-12,52.15999984741211,52.625144287183126,50.03339389387788,55.50816716922213,pypl
489,2017-06-13,52.060001373291016,52.75932263931017,50.160289275222716,55.56392201429815,pypl
490,2017-06-14,51.900001525878906,52.86500241572111,50.014542676993884,55.733278980426334,pypl
491,2017-06-15,52.290000915527344,52.91370080454246,49.96218385872088,55.622750706109024,pypl
492,2017-06-16,51.84000015258789,52.88350396180693,49.93193850603393,55.676873712570405,pypl
493,2017-06-19,52.93000030517578,52.732616016418916,49.96156973546772,55.38601194751464,pypl
494,2017-06-20,52.52000045776367,52.84343173664143,50.018482324358224,55.74188006671682,pypl
495,2017-06-21,53.540000915527344,52.94570745139575,50.15490420888927,55.58143667786856,pypl
496,2017-06-22,53.869998931884766,53.011450815502215,50.26288287638147,55.73897041916717,pypl
497,2017-06-23,54.33000183105469,53.01873221841033,50.02070690057758,55.790273871437755,pypl
498,2017-06-26,53.7400016784668,53.095099396112666,50.18067794417814,55.93633770931107,pypl
499,2017-06-27,52.72999954223633,53.31492130043734,50.41191935771756,55.92117697396133,pypl
500,2017-06-28,54.38999938964844,53.53922483806634,50.820155531958726,56.35680957194341,pypl
501,2017-06-29,53.41999816894531,53.7372994280752,51.028438391374294,56.54047203892333,pypl
502,2017-06-30,53.66999816894531,53.884214623721256,51.2770263773473,56.49684358484678,pypl
503,2017-07-03,52.869998931884766,54.39062234159579,51.69024177136141,57.183435258839246,pypl
504,2017-07-05,54.61000061035156,55.09720156580586,52.30758020028027,58.10076600857899,pypl
505,2017-07-06,53.470001220703125,55.40961282612209,52.62842786317598,58.05375890410057,pypl
506,2017-07-07,53.970001220703125,55.65582048199091,52.88898996789142,58.309170817057066,pypl
507,2017-07-10,54.939998626708984,56.347549610006354,53.46498210190265,59.19292317494772,pypl
508,2017-07-11,54.7599983215332,56.72220177900014,53.934591432317575,59.35273250921005,pypl
509,2017-07-12,56.54999923706055,57.06928269730213,54.103038502669804,59.75573797691714,pypl
510,2017-07-13,57.900001525878906,57.35494917935112,54.39711320916856,60.101837561343764,pypl
511,2017-07-14,57.15999984741211,57.55192180378539,54.84127160163409,60.18093781384233,pypl
512,2017-07-17,57.58000183105469,57.972493323307226,55.27254076873134,60.804427723008814,pypl
513,2017-07-18,58.959999084472656,58.22161439598437,55.42308139082415,60.93062877539617,pypl
514,2017-07-19,58.349998474121094,58.42950846854738,55.50936090966701,61.243816118375705,pypl
515,2017-07-20,59.09000015258789,58.565102247790435,55.82313660343853,61.41584002223244,pypl
516,2017-07-21,58.66999816894531,58.604068235759335,55.9313512302095,61.50961860590617,pypl
517,2017-07-24,58.58000183105469,58.53368081876974,55.735541845621064,61.41147151679615,pypl
518,2017-07-25,58.2599983215332,58.62357640617568,55.7493323776487,61.33332843876426,pypl
519,2017-07-26,58.790000915527344,58.78724875913154,56.04596721782214,61.686506022592134,pypl
520,2017-07-27,60.150001525878906,58.88803668465623,56.165417855530805,61.69673927509792,pypl
521,2017-07-28,59.20000076293945,58.903803593285744,55.93965468275263,61.78117356816049,pypl
522,2017-07-31,58.54999923706055,58.85000039216999,56.030871992093765,61.77084882427158,pypl
523,2017-08-01,59.34000015258789,58.9776925078604,56.128744630142556,61.88750358194472,pypl
524,2017-08-02,59.119998931884766,59.087961869242996,56.331188011587294,61.917769140021385,pypl
525,2017-08-03,58.41999816894531,59.1520693475237,56.62846117978919,62.119514723075845,pypl
526,2017-08-04,58.86000061035156,59.14734317977638,56.366803368706684,61.930822209957796,pypl
527,2017-08-07,59.619998931884766,59.118908088810166,56.21498623739798,61.98989899363634,pypl
528,2017-08-08,59.47999954223633,59.27925436427316,56.500619079991935,62.01002246337747,pypl
529,2017-08-09,59.66999816894531,59.43142346721782,56.77455796094275,62.05120435559767,pypl
530,2017-08-10,58.02000045776367,59.544797899134345,56.8574073071771,62.429261736439955,pypl
531,2017-08-11,58.040000915527344,59.59479910628661,56.699854044161185,62.4292595287753,pypl
532,2017-08-14,59.060001373291016,59.74499075014287,57.08697511812862,62.428955176705315,pypl
533,2017-08-15,59.689998626708984,59.96418959753919,57.01692473371067,62.82544286266175,pypl
534,2017-08-16,60.290000915527344,60.17256162701074,57.3204430310192,63.06009380656218,pypl
535,2017-08-17,59.290000915527344,60.3384414207675,57.711696378889876,63.293436353198565,pypl
536,2017-08-18,59.439998626708984,60.43645377365494,57.80539025277115,63.23960924540243,pypl
537,2017-08-21,59.400001525878906,60.699607154385475,57.874581211890174,63.379657212771164,pypl
538,2017-08-22,60.84000015258789,60.94596449699023,58.232019823264636,63.809391352692984,pypl
539,2017-08-23,60.04999923706055,61.17672542170492,58.43349914865494,64.07274367675774,pypl
540,2017-08-24,60.0,61.360777930242996,58.69960249634867,64.13982088318208,pypl
541,2017-08-25,59.970001220703125,61.47342563991172,58.664498027404356,64.38224162642652,pypl
542,2017-08-28,60.529998779296875,61.76701659557289,58.82289847178497,64.6606353602221,pypl
543,2017-08-29,61.0099983215332,62.0216226903324,59.008958144672675,64.77986565963747,pypl
544,2017-08-30,61.77000045776367,62.26083058229102,59.440394094133126,65.08213742195792,pypl
545,2017-08-31,61.68000030517578,62.45404347236196,59.65778934585289,65.31851970322008,pypl
546,2017-09-01,61.459999084472656,62.57691876564966,59.74618204372786,65.44166494949488,pypl
547,2017-09-05,61.27000045776367,63.17699904113365,60.296288910435855,66.17216002538302,pypl
548,2017-09-06,61.2400016784668,63.43019749561771,60.64339645332646,66.14047697653582,pypl
549,2017-09-07,62.0,63.63643267512629,60.76598474335097,66.41512007993585,pypl
550,2017-09-08,61.130001068115234,63.770383716440435,60.83977984189107,66.91115582058661,pypl
551,2017-09-11,62.63999938964844,64.11200389084185,61.426849132819484,66.9543708365983,pypl
552,2017-09-12,62.560001373291016,64.38173623207149,61.38500921266013,67.37215525238658,pypl
553,2017-09-13,62.040000915527344,64.62824301564653,61.85328106736273,67.50794126023432,pypl
554,2017-09-14,62.2400016784668,64.81912195970033,61.836700439385595,67.70114717761717,pypl
555,2017-09-15,62.5,64.92824871576805,62.13730050169891,67.7579582470283,pypl
556,2017-09-18,62.91999816894531,65.13411000456985,62.50466024100295,68.10147843503115,pypl
557,2017-09-19,63.83000183105469,65.32894824590316,62.34897456622106,68.19191976238383,pypl
558,2017-09-20,64.73999786376953,65.49110498245348,62.48129837599007,68.43051706533579,pypl
559,2017-09-21,64.62999725341797,65.58916242645628,62.91585885006832,68.420384954372,pypl
560,2017-09-22,65.08000183105469,65.59832205749133,62.66690607617902,68.30644434777436,pypl
561,2017-09-25,63.5,65.47938147066493,62.756108468503626,68.39205706637422,pypl
562,2017-09-26,62.939998626708984,65.56497937667976,62.83399997702029,68.36351011780044,pypl
563,2017-09-27,63.33000183105469,65.62157681749738,62.87453699836513,68.52853016639833,pypl
564,2017-09-28,63.93000030517578,65.62043670804916,62.68650343962565,68.22647252735403,pypl
565,2017-09-29,64.02999877929688,65.539467444765,62.68577779938668,68.09897652494317,pypl
566,2017-10-02,64.18000030517578,65.23047225217836,62.477775792719854,68.00030144090319,pypl
567,2017-10-03,64.22000122070312,65.2872331280806,62.44341599940622,67.99964686975548,pypl
568,2017-10-04,64.01000213623047,65.33541800499984,62.42252065272152,68.12034247846945,pypl
569,2017-10-05,65.81999969482422,65.34763307760812,62.64221800841499,68.1565958199255,pypl
570,2017-10-06,66.05000305175781,65.30268183899517,62.57327279132246,67.99992897281342,pypl
571,2017-10-09,66.2300033569336,65.29693717431356,62.41483049509823,68.0551980510484,pypl
572,2017-10-10,66.04000091552734,65.42136506328454,62.706867023433794,68.40880722993094,pypl
573,2017-10-11,67.77999877929688,65.61439041010581,62.803576279294475,68.48191725410655,pypl
574,2017-10-12,68.86000061035156,65.78861073918743,62.968418372849065,68.54529593906352,pypl
575,2017-10-13,68.66000366210938,65.92014031351684,62.926727112715184,68.77839468758383,pypl
576,2017-10-16,67.30999755859375,66.44022599813505,63.650979222397645,69.26901300256426,pypl
577,2017-10-17,66.66999816894531,66.82270768838,63.84755303321435,69.59372457175334,pypl
578,2017-10-18,67.26000213623047,67.21228005836926,64.51219838930625,70.08120875874954,pypl
579,2017-10-19,67.25,67.57530824981532,64.59946015189162,70.35411693384849,pypl
580,2017-10-20,70.97000122070312,67.88398181508501,64.95468888962684,70.47374882049411,pypl
581,2017-10-23,69.80000305175781,68.82963520180604,65.9368029637364,71.56921077978683,pypl
582,2017-10-24,70.20999908447266,69.30846663194937,66.66694414296182,72.19078631837797,pypl
583,2017-10-25,71.0199966430664,69.76767207956733,67.12454081658882,72.57215494096204,pypl
584,2017-10-26,71.33999633789062,70.1720610833471,67.06851719752216,72.97830985265762,pypl
585,2017-10-27,71.05999755859375,70.49288218819268,67.61465209459993,73.22695276786732,pypl
586,2017-10-30,71.1500015258789,71.29997641901852,68.52030457444512,74.11880106127273,pypl
587,2017-10-31,72.55999755859375,71.67761506254276,68.99996566528033,74.6463582100561,pypl
588,2017-11-01,72.37999725341797,72.01133234747228,69.07898264746703,74.76881559832772,pypl
589,2017-11-02,72.25,72.26870075767971,69.28939419023908,75.16067476961585,pypl
590,2017-11-03,73.38999938964844,72.42420467268695,69.79743225197295,75.14470315664825,pypl
591,2017-11-06,74.73999786376953,72.66330781060172,69.74363821021772,75.49437014295502,pypl
592,2017-11-07,74.41000366210938,72.84132348522459,69.92052963797599,75.58571151372918,pypl
593,2017-11-08,74.7699966430664,72.97734870671962,70.27997278332897,75.79694690568421,pypl
594,2017-11-09,74.0999984741211,73.04311393214726,70.43133418268631,75.95249168789155,pypl
595,2017-11-10,73.98999786376953,71.92367617401214,69.2471898046653,74.90580123356354,pypl
596,2017-11-13,74.02999877929688,72.80631372897086,69.92630825728651,75.67529869576138,pypl
597,2017-11-14,74.48999786376953,72.87527695213515,70.12411707609354,75.62897827479605,pypl
598,2017-11-15,73.43000030517578,72.92599910170776,70.03957443987957,75.70538120360474,pypl
599,2017-11-16,77.69999694824219,72.93128896032766,70.20513258748709,75.74597176688431,pypl
600,2017-11-17,76.37999725341797,72.87002883584057,70.15246304078673,75.6451765138891,pypl
601,2017-11-20,76.01000213623047,72.70023801620684,69.81200602321027,75.2878031123183,pypl
602,2017-11-21,77.7699966430664,72.8270475904674,70.08664520948918,75.52894846224947,pypl
603,2017-11-22,77.56999969482422,72.95405505822364,70.27993065708107,75.77367502026728,pypl
604,2017-11-24,78.56999969482422,73.09422485943222,70.29529541857474,75.90919789523782,pypl
605,2017-11-27,77.83999633789062,73.2769014581481,70.29131232743062,76.06405350119206,pypl
606,2017-11-28,77.79000091552734,73.5225534700562,70.62304903189985,76.33319577444607,pypl
607,2017-11-29,73.25,73.76335870641068,70.91469798784563,76.35012124905111,pypl
608,2017-11-30,75.7300033569336,73.96616716035369,70.90313114168245,76.76501692912952,pypl
609,2017-12-01,75.30000305175781,74.10391741756709,71.44593441831945,76.83672280698104,pypl
610,2017-12-04,70.97000122070312,74.48436299759759,71.78705875933842,77.3733115704935,pypl
611,2017-12-05,71.19999694824219,74.76270553481615,71.63127615590612,77.70939439053029,pypl
612,2017-12-06,73.13999938964844,75.01878410642492,72.23665376816305,77.99264486567938,pypl
613,2017-12-07,73.69000244140625,75.21983705540076,72.22271075798596,77.66016289769706,pypl
614,2017-12-08,72.91000366210938,75.33975618990682,72.45899812621307,78.06106802625726,pypl
615,2017-12-11,73.29000091552734,75.58748500082385,72.701678633052,78.29015617525363,pypl
616,2017-12-12,73.62000274658203,75.80309804729703,72.93464231451264,78.57637256333174,pypl
617,2017-12-13,74.08999633789062,75.82168992633045,73.07146112214929,78.67148855776803,pypl
618,2017-12-14,74.26000213623047,75.78399981981777,72.68039069982856,78.59840641779435,pypl
619,2017-12-15,75.6500015258789,75.66719897464102,72.58027210422338,78.35406075177113,pypl
620,2017-12-18,75.31999969482422,75.24888670635069,72.66383789253358,78.14597083033856,pypl
621,2017-12-19,74.5,75.26691370881238,72.42974759816273,77.92126514681769,pypl
622,2017-12-20,74.0,75.27451993267111,72.5447595884487,78.12128997545028,pypl
623,2017-12-21,74.0199966430664,75.24396130032186,72.3177247151201,78.05380752271762,pypl
624,2017-12-22,73.88999938964844,75.15372430543027,72.21952621817267,77.88473384858557,pypl
625,2017-12-26,74.2699966430664,75.06060659049128,72.22579565191612,77.71856601171096,pypl
626,2017-12-27,74.58999633789062,75.19177813457863,72.30853442196454,78.02976233493652,pypl
627,2017-12-28,74.16999816894531,75.30013897058453,72.56149852066123,78.32804818323882,pypl
628,2017-12-29,73.62000274658203,75.36161115422581,72.61100933238882,78.09796723826341,pypl
629,2018-01-02,73.83999633789062,75.9390706267373,73.12949212810132,78.58447727815444,pypl
630,2018-01-03,76.75,76.23574718232896,73.50571026027082,79.20803732855664,pypl
631,2018-01-04,76.7300033569336,76.50124035992746,73.78042394390383,79.47697621154235,pypl
632,2018-01-05,78.69999694824219,76.70784536191277,73.87300309572299,79.59804854107782,pypl
633,2018-01-08,79.05000305175781,77.32214989850226,74.27848270521204,80.1154291590624,pypl
634,2018-01-09,79.19000244140625,77.68318134481207,74.91572934848652,80.26799383067805,pypl
635,2018-01-10,79.37000274658203,78.02159562729626,75.14133095869389,80.6836473228459,pypl
636,2018-01-11,79.75,78.30270592386051,75.67204867561192,81.09069691898301,pypl
637,2018-01-12,80.54000091552734,78.49831743084195,75.38730059345721,81.41353091512202,pypl
638,2018-01-16,80.41999816894531,79.1753444221982,76.20853045850212,82.11442643610681,pypl
639,2018-01-17,82.47000122070312,79.38369155922133,76.61990566689855,82.14223780407255,pypl
640,2018-01-18,82.94000244140625,79.51761476792416,76.47929953067921,81.96161636528316,pypl
641,2018-01-19,83.83999633789062,79.55220969216691,76.69452676435019,82.25860254233233,pypl
642,2018-01-22,83.9800033569336,79.4492192789622,76.5831985094036,82.18407478909431,pypl
643,2018-01-23,84.20999908447266,79.52159061229531,76.72848636416293,82.39971318311446,pypl
644,2018-01-24,83.70999908447266,79.55674889546917,76.80993897241545,82.41416823211128,pypl
645,2018-01-25,84.33999633789062,79.52666605477091,76.62459644916896,82.22250952568713,pypl
646,2018-01-26,85.44999694824219,79.40995151204824,76.66983620838596,82.22083942635939,pypl
647,2018-01-29,84.30999755859375,78.95907067213531,76.17506404018593,82.05611834263513,pypl
648,2018-01-30,83.77999877929688,78.95857177983824,76.16176895223686,81.55147098591627,pypl
649,2018-01-31,85.31999969482422,78.82019097050146,76.03722161272044,81.68481193315732,pypl
650,2018-02-01,78.4000015258789,78.64145812274722,75.97707490842852,81.35060225164138,pypl
651,2018-02-02,76.56999969482422,78.40115613900835,75.48136431159277,81.22098220913803,pypl
652,2018-02-05,74.70500183105469,77.72341445828182,74.77019094541537,80.63028037390646,pypl
653,2018-02-06,75.68000030517578,77.69057921934296,75.0878896393116,80.58472880415032,pypl
654,2018-02-07,75.58999633789062,77.66287996058975,74.81617778955429,80.53379063558391,pypl
655,2018-02-08,72.31999969482422,77.61042344074026,74.82655437792064,80.40057831848318,pypl
656,2018-02-09,74.75,77.50912791679404,74.93227640930365,80.42051390972526,pypl
657,2018-02-12,75.27999877929688,77.29383367231928,74.69723312217377,80.17004831622991,pypl
658,2018-02-13,74.97000122070312,77.41975188194003,74.6717338848969,80.21380514435091,pypl
659,2018-02-14,77.2699966430664,77.54799537523641,74.50954864814041,80.4188379607687,pypl
660,2018-02-15,78.29499816894531,77.6458455734514,74.82476165385988,80.37238222172746,pypl
661,2018-02-16,78.37000274658203,77.68664409150973,74.82641466757887,80.47104188776383,pypl
662,2018-02-20,77.05999755859375,78.04327043759633,75.40765710214838,81.0723697242652,pypl
663,2018-02-21,76.51000213623047,78.24560755344353,75.38498114418022,81.03921852151048,pypl
664,2018-02-22,77.69999694824219,78.40124061991463,75.75796344578387,81.23629875281156,pypl
665,2018-02-23,79.69000244140625,78.48351891470777,75.63027239907547,81.34753212314237,pypl
666,2018-02-26,79.3499984741211,78.65610795109598,75.8914324886439,81.3476859399357,pypl
667,2018-02-27,79.45999908447266,78.85509230377242,75.79283431853958,81.71600709040888,pypl
668,2018-02-28,79.41000366210938,79.02887470748692,75.9225506133527,81.86153651659139,pypl
669,2018-03-01,78.63999938964844,79.14592986175111,76.50521679847917,82.09101681941844,pypl
670,2018-03-02,78.87000274658203,79.1812657058698,76.3625734554842,82.04980720037847,pypl
671,2018-03-05,79.06999969482422,79.17967667398919,76.49792397190626,82.10056629441267,pypl
672,2018-03-06,79.2300033569336,79.31484486832953,76.44791834058165,82.13682778212994,pypl
673,2018-03-07,79.5199966430664,79.42434115834972,76.65696292462495,82.2724269221569,pypl
674,2018-03-08,79.87000274658203,79.47785220126809,76.75415171959679,82.27163822388738,pypl
675,2018-03-09,80.70999908447266,79.45140911277544,76.59725281473077,82.40827251582891,pypl
676,2018-03-12,80.5999984741211,79.28224766068415,76.34011288488493,81.96923788012033,pypl
677,2018-03-13,80.19999694824219,79.3688491197716,76.67868070631111,82.15199550499217,pypl
678,2018-03-14,83.30999755859375,79.43363097551277,76.78650476904303,82.21741023735882,pypl
679,2018-03-15,82.56999969482422,79.44615555797603,76.74353613486977,82.19280994839417,pypl
680,2018-03-16,82.16000366210938,79.38219935726926,76.6066950740417,82.06310301327407,pypl
681,2018-03-19,80.30000305175781,79.11749147165395,76.29276367086811,81.85139490338777,pypl
682,2018-03-20,80.86000061035156,79.17642423002457,76.29084008623664,81.95396213534768,pypl
683,2018-03-21,81.04000091552734,79.214899433002,76.32808280912013,81.97306433222657,pypl
684,2018-03-22,78.55999755859375,79.20211488546303,76.55825496187066,81.8576206808335,pypl
685,2018-03-23,76.44000244140625,79.11356705558607,76.50543386788236,82.00027001004368,pypl
686,2018-03-26,78.94999694824219,78.7782324718316,75.9612790821558,81.50777265052959,pypl
687,2018-03-27,76.30999755859375,78.81490513649292,76.16385341234349,81.75160437806025,pypl
688,2018-03-28,75.05999755859375,78.83219276368303,76.1622651573148,81.61552312901071,pypl
689,2018-03-29,75.87000274658203,78.79972686450756,75.97826469127672,81.59464166878482,pypl
690,2018-04-02,75.0,78.3237222383388,75.38696467852398,80.95893906319915,pypl
691,2018-04-03,74.55999755859375,78.35725669036805,75.65544295599142,81.27302603185609,pypl
692,2018-04-04,74.77999877929688,78.37663327573321,75.59681721382226,81.23651205171163,pypl
693,2018-04-05,76.94999694824219,78.35201555056435,75.62889819861476,81.23618538835986,pypl
694,2018-04-06,73.86000061035156,78.25985248836946,75.35066058081085,80.92268621661682,pypl
695,2018-04-09,75.19000244140625,77.97125820200046,75.12490244703665,80.81917128139803,pypl
696,2018-04-10,76.79000091552734,78.04470796452718,75.39436378327404,80.88776949935948,pypl
697,2018-04-11,76.5,78.10983750200973,75.2381737567759,80.95446492731124,pypl
698,2018-04-12,77.45999908447266,78.1361600148575,75.43461815233206,81.0458965444358,pypl
699,2018-04-13,77.2699966430664,78.09928086177449,75.33830781298276,80.99982624437772,pypl
700,2018-04-16,77.80000305175781,77.99161377428625,75.17979034758687,80.80947920084671,pypl
701,2018-04-17,80.02999877929688,78.12606268140169,75.32874917714075,80.76356648092171,pypl
702,2018-04-18,80.33999633789062,78.25014753882152,75.4356334977718,81.26725406294518,pypl
703,2018-04-19,79.68000030517578,78.33189705661331,75.5814611964319,80.9954093714616,pypl
704,2018-04-20,78.7300033569336,78.34545801720259,75.57423339410045,81.23591568141812,pypl
705,2018-04-23,78.20999908447266,78.3459255047708,75.56995447288152,81.23152821556464,pypl
706,2018-04-24,75.27999877929688,78.49834163256993,75.68945406305659,81.34272858042281,pypl
707,2018-04-25,74.0,78.63001796722895,76.03193229537565,81.2596519363644,pypl
708,2018-04-26,76.02999877929688,78.70855092334625,75.96453060191412,81.66241910512404,pypl
709,2018-04-27,74.12999725341797,78.70793459314403,75.9870328463659,81.47380955511044,pypl
710,2018-04-30,74.61000061035156,78.60299700004674,75.70610945750317,81.14275479364409,pypl
711,2018-05-01,74.80999755859375,78.70175076023682,76.0231978826571,81.57177093226065,pypl
712,2018-05-02,71.7300033569336,78.77240516787725,75.99522963757633,81.42777002197427,pypl
713,2018-05-03,73.44999694824219,78.78406153298059,75.95146478425086,81.5059357903691,pypl
714,2018-05-04,73.98999786376953,78.85079099139843,76.02983510561833,81.6863736276366,pypl
715,2018-05-07,74.66999816894531,78.94184926622498,76.19081075407028,81.66663072219177,pypl
716,2018-05-08,75.72000122070312,79.11049720159764,76.45861961781728,81.93276742693084,pypl
717,2018-05-09,77.01000213623047,79.2565567338759,76.30408423163175,81.85377438806859,pypl
718,2018-05-10,79.19000244140625,79.35091248058245,76.68697601229582,82.12302697750698,pypl
719,2018-05-11,79.19999694824219,79.37085927392378,76.66400994030901,82.15394828200432,pypl
720,2018-05-14,78.80999755859375,79.38726805782277,76.51234527803256,82.20353546547692,pypl
721,2018-05-15,77.79000091552734,79.5555198636498,76.80488321096098,82.26853504681846,pypl
722,2018-05-16,77.81999969482422,79.71386073595367,77.06492776375185,82.60603010802555,pypl
723,2018-05-17,79.19000244140625,79.8328853728798,77.0207844864747,82.47746471547532,pypl
724,2018-05-18,80.79000091552734,79.88922809637353,77.05859115472254,82.5454223437944,pypl
725,2018-05-21,81.25,80.07334063659019,77.12850932879633,82.77634792319758,pypl
726,2018-05-22,80.62000274658203,80.31150553587769,77.68934742918546,83.12219358132266,pypl
727,2018-05-23,81.08000183105469,80.54339162877807,77.91398051283876,83.30796242628745,pypl
728,2018-05-24,81.55000305175781,80.73730303797558,77.88768893278788,83.70765426389255,pypl
729,2018-05-25,80.95999908447266,80.86749117699114,78.13247622414956,83.65057625221964,pypl
730,2018-05-29,80.7300033569336,81.52761560859649,78.82010765683626,84.47256089614862,pypl
731,2018-05-30,81.5999984741211,81.79388237088465,79.11294209278708,84.63871231786166,pypl
732,2018-05-31,82.06999969482422,82.00865497289342,79.2745896235249,84.78692789713337,pypl
733,2018-06-01,83.25,82.14499508778252,79.14761763203995,85.03110120456822,pypl
734,2018-06-04,84.56999969482422,82.44489397142875,79.69958947094695,85.24978306874364,pypl
735,2018-06-05,85.05000305175781,82.67299841136627,79.73254779199779,85.67701236547919,pypl
736,2018-06-06,85.20999908447266,82.86844939967459,80.20713685277421,85.84639328283956,pypl
737,2018-06-07,83.2699966430664,82.99937959754189,80.24053280694476,85.8612485910628,pypl
738,2018-06-08,84.33999633789062,83.04061089254535,80.23750172258985,85.9557000086397,pypl
739,2018-06-11,83.88999938964844,83.01017619831775,80.15080534883725,85.75854504825338,pypl
740,2018-06-12,85.0199966430664,83.12196288157634,80.25741273733202,85.80903087150988,pypl
741,2018-06-13,85.2699966430664,83.20278863053585,80.32428692033571,85.869818670278,pypl
742,2018-06-14,85.61000061035156,83.22374626604841,80.38456113389222,86.10061146002175,pypl
743,2018-06-15,85.30999755859375,83.16256353995301,80.36083820930507,85.77120157462564,pypl
744,2018-06-18,85.8499984741211,82.89685640895223,80.10546681153653,85.75014623096244,pypl
745,2018-06-19,84.5199966430664,82.96176145146713,80.07224977036186,85.71530715660262,pypl
746,2018-06-20,85.94999694824219,83.01436925578739,80.11372573103876,85.8704122407817,pypl
747,2018-06-21,85.97000122070312,83.026867741636,80.55085099479591,86.10083349196124,pypl
748,2018-06-22,85.12000274658203,82.97759922638714,80.30963563110724,85.7239522582128,pypl
749,2018-06-25,82.19000244140625,82.86843853420874,80.08883108941458,85.61646209178573,pypl
750,2018-06-26,82.31999969482422,83.02278603901985,80.26981943891097,85.68674810109988,pypl
751,2018-06-27,80.66999816894531,83.18075937518168,80.45110976780268,86.06877615938991,pypl
752,2018-06-28,82.4800033569336,83.31227256450887,80.4656278059371,86.16854705545657,pypl
753,2018-06-29,83.2699966430664,83.39303091079967,80.6128214571768,86.22863006336271,pypl
754,2018-07-02,83.88999938964844,83.70959139064429,80.8790431029213,86.61517576951313,pypl
755,2018-07-03,83.2699966430664,84.00675373300062,81.30304789999389,86.71057324781613,pypl
756,2018-07-05,84.58999633789062,84.56310448503505,81.88950961445471,87.51533947708342,pypl
757,2018-07-06,85.94000244140625,84.76153949370651,81.96070281093807,87.5488564549434,pypl
758,2018-07-09,86.2300033569336,85.33513771290555,82.59557188224183,87.93766833332468,pypl
759,2018-07-10,86.16999816894531,85.67890027982705,82.75578704983069,88.5036236140305,pypl
760,2018-07-11,86.25,85.99914236522363,83.07575325307403,88.81727230846326,pypl
761,2018-07-12,89.12999725341797,86.2617690195344,83.44279908632237,89.13505707238264,pypl
762,2018-07-13,87.98999786376953,86.43916749951364,83.5661942366263,89.12832781681522,pypl
763,2018-07-16,87.7699966430664,86.81746025861939,84.01386267585545,89.59691647171907,pypl
764,2018-07-17,88.58000183105469,87.05626352906185,84.35137568268668,89.78814018361003,pypl
765,2018-07-18,88.22000122070312,87.25479301793602,84.49219783461695,90.11250137807622,pypl
766,2018-07-19,87.37999725341797,87.38139580836338,84.68645398825338,90.36463140067774,pypl
767,2018-07-20,87.47000122070312,87.41117215212851,84.52242992157905,90.05210392270513,pypl
768,2018-07-23,89.23999786376953,87.30669556018576,84.50947277561423,90.0108571236909,pypl
769,2018-07-24,91.41000366210938,87.38149464837129,84.45243863253425,90.26538728204831,pypl
770,2018-07-25,91.37000274658203,87.41948740856517,84.66618105731837,90.23039028172678,pypl
771,2018-07-26,89.13999938964844,87.39181328165193,84.58169486099946,90.17338623892917,pypl
772,2018-07-27,85.45999908447266,87.27613185605719,84.38032114715446,90.12990019386046,pypl
773,2018-07-30,82.38999938964844,86.8091920688308,84.06581585590891,89.73954465208473,pypl
774,2018-07-31,82.13999938964844,86.7929954312099,84.09791307818102,89.70640177512718,pypl
775,2018-08-01,83.45999908447266,86.75650648149254,83.8959174140547,89.49025527543955,pypl
776,2018-08-02,85.52999877929688,86.67120874556895,83.83953035204549,89.57228138838887,pypl
777,2018-08-03,85.19000244140625,86.51470215087303,83.76579087981108,89.2374471769243,pypl
778,2018-08-06,85.7699966430664,86.01991113765864,82.99595111457472,88.83688145940536,pypl
779,2018-08-07,86.30000305175781,86.02230900403701,83.38280120735047,88.87257077308283,pypl
780,2018-08-08,86.73999786376953,86.01587824459168,83.332266020675,88.73920096661948,pypl
781,2018-08-09,87.16999816894531,85.97034253188967,82.88790310072066,88.78198896841249,pypl
782,2018-08-10,87.01000213623047,85.8614397176901,82.91889732625752,88.5293314874819,pypl
783,2018-08-13,87.01000213623047,85.53758775003094,82.92139486435855,88.43660041728523,pypl
784,2018-08-14,87.7300033569336,85.60032199648569,82.74828020407772,88.69770975438796,pypl
785,2018-08-15,85.19000244140625,85.65321451833707,82.60562103494203,88.46153324033887,pypl
786,2018-08-16,85.31999969482422,85.66465190072222,82.77287187732125,88.49930934926243,pypl
787,2018-08-17,85.44999694824219,85.60926354191128,82.85237208279968,88.47155023373972,pypl
788,2018-08-20,85.75,85.41788689751112,82.58979542679711,88.13926167351885,pypl
789,2018-08-21,86.22000122070312,85.51426586334863,82.59866552252774,88.49372011034816,pypl
790,2018-08-22,86.94999694824219,85.59557725922409,82.85338667647619,88.36070431487578,pypl
791,2018-08-23,87.37999725341797,85.63054984786083,82.85591190481986,88.46824811723263,pypl
792,2018-08-24,90.0999984741211,85.5943287981325,82.62197638930544,88.57283063997211,pypl
793,2018-08-27,89.97000122070312,85.4411833308105,82.81786748674342,88.43345629115134,pypl
794,2018-08-28,90.61000061035156,85.54648283176677,82.82629668947712,88.44952846058243,pypl
795,2018-08-29,92.62000274658203,85.63608996673322,82.79098258813454,88.41827137777629,pypl
796,2018-08-30,92.08999633789062,85.67940599845336,82.78599158436515,88.54571794900278,pypl
797,2018-08-31,92.33000183105469,85.65212703394182,82.8608059219238,88.40398841872539,pypl
798,2018-09-04,93.06999969482422,85.65116499787975,82.69890865818971,88.45439876757433,pypl
799,2018-09-05,89.05000305175781,85.75483010602149,83.04014728183483,88.69734871640199,pypl
800,2018-09-06,89.0,85.81224294294408,83.23704351567677,88.58619685374526,pypl
801,2018-09-07,88.81999969482422,85.79831469414243,82.79920708935217,88.4376085837875,pypl
802,2018-09-10,89.80000305175781,85.70418795045312,82.81792292518058,88.39690140809435,pypl
803,2018-09-11,91.43000030517578,85.82278722068527,82.94538885358936,88.6780777454725,pypl
804,2018-09-12,92.4000015258789,85.92003958955058,83.14180387503016,88.75089229960545,pypl
805,2018-09-13,92.19000244140625,85.96361937812387,83.12421877241762,88.66437954615029,pypl
806,2018-09-14,90.77999877929688,85.92742359213719,83.09503895617571,88.69175840539557,pypl
807,2018-09-17,88.68000030517578,85.70846286899766,83.02621304071249,88.55533890426538,pypl
808,2018-09-18,89.72000122070312,85.76484605385555,82.9617288868887,88.68549465253477,pypl
809,2018-09-19,89.30999755859375,85.78968155296249,82.92428587145,88.8810579929843,pypl
810,2018-09-20,90.5999984741211,85.75119650189457,83.03438351469066,88.5984988831264,pypl
811,2018-09-21,90.62000274658203,85.66496888756666,82.69149585732674,88.6117177680949,pypl
812,2018-09-24,89.62000274658203,85.25745763480577,82.45079108361416,88.00213437072638,pypl
813,2018-09-25,90.04000091552734,85.24440060518478,82.41838619219243,88.01217358207076,pypl
814,2018-09-26,89.8499984741211,85.20026759937873,82.43988710968817,87.93976831688424,pypl
815,2018-09-27,88.98999786376953,85.09583720849452,82.22948727188798,87.81219525602157,pypl
816,2018-09-28,87.83999633789062,84.90856763220448,82.1780946699544,87.82275777134416,pypl
817,2018-10-01,87.55000305175781,84.25890365766055,81.47314500924267,87.21396149348898,pypl
818,2018-10-02,86.68000030517578,84.19396575161598,81.4880879489598,86.84159595526744,pypl
819,2018-10-03,87.1500015258789,84.11614717931693,81.57875975778366,86.9017785969076,pypl
820,2018-10-04,84.33999633789062,83.99805574014437,81.22460726453652,86.77189761528618,pypl
821,2018-10-05,83.18000030517578,83.81859718834164,81.10707424452204,86.65045668114816,pypl
822,2018-10-08,80.55000305175781,83.38666195142058,80.44075358652887,86.18579164856433,pypl
823,2018-10-09,80.02999877929688,83.36279625243124,80.55624803706188,86.20047716686062,pypl
824,2018-10-10,75.44999694824219,83.40529226167183,80.58550728255642,86.16725801015315,pypl
825,2018-10-11,75.9000015258789,83.42738339217675,80.46696870564519,86.19935378263133,pypl
826,2018-10-12,79.02999877929688,83.40587366038683,80.61376394821252,86.37046643281869,pypl
827,2018-10-15,77.2300033569336,83.46875193225674,80.7461290349267,86.34199202028266,pypl
828,2018-10-16,80.61000061035156,83.70196144838411,81.05001437233777,86.38386125432712,pypl
829,2018-10-17,80.08999633789062,83.94502868599285,81.01178512763757,86.47165874396617,pypl
830,2018-10-18,77.4800033569336,84.16497551097723,81.32465063403491,86.92752772264322,pypl
831,2018-10-19,84.77999877929688,84.33458161152099,81.54815621644354,86.95700295587164,pypl
832,2018-10-22,85.43000030517578,84.8917143703174,82.20076545784616,87.58535098886716,pypl
833,2018-10-23,87.56999969482422,85.25161598431022,82.48207724237555,87.7726663466559,pypl
834,2018-10-24,83.08999633789062,85.59740091328972,82.95693615969334,88.53222658421319,pypl
835,2018-10-25,85.95999908447266,85.89382899708284,82.91640789696862,88.41918724196753,pypl
836,2018-10-26,83.37000274658203,86.111976802433,83.2374175130627,88.9439729054674,pypl
837,2018-10-29,81.1500015258789,86.63931857245029,83.88268438650435,89.4417565319948,pypl
838,2018-10-30,80.9000015258789,86.93145576186375,84.22029243801003,89.78785256372595,pypl
839,2018-10-31,84.19000244140625,87.18249156594848,84.21550942096093,89.98462531944587,pypl
840,2018-11-01,85.04000091552734,87.35926633911815,84.55605362504377,90.13255592774959,pypl
841,2018-11-02,83.51000213623047,87.4354905234099,84.78022328986034,90.19759357783005,pypl
842,2018-11-05,84.05000305175781,87.4366748930029,84.7803479321228,90.12706205112964,pypl
843,2018-11-06,84.69000244140625,87.53276607092279,84.8747248594638,90.46902631052356,pypl
844,2018-11-07,88.2300033569336,87.58435994549961,84.81376891626748,90.43573244955628,pypl
845,2018-11-08,89.04000091552734,87.5625644180571,84.80060248115181,90.41224848399179,pypl
846,2018-11-09,86.76000213623047,87.44528275755943,84.6785937859147,90.31438708549767,pypl
847,2018-11-12,83.77999877929688,85.84164236599857,83.10460312603013,88.81683470105537,pypl
848,2018-11-13,83.77999877929688,86.89483021358048,83.98798196937948,89.67307838743199,pypl
849,2018-11-14,84.05000305175781,86.83167571929738,83.88036227688625,89.6704229139077,pypl
850,2018-11-15,86.73999786376953,86.71851413121618,83.92170093458274,89.73872813884736,pypl
851,2018-11-16,85.05999755859375,86.53448369706399,83.75986097883434,89.52471033231568,pypl
852,2018-11-19,80.12999725341797,85.97451884927429,83.22174253415425,88.64803760533614,pypl
853,2018-11-20,77.76000213623047,85.96574031488068,83.17545181595571,88.7911159327757,pypl
854,2018-11-21,79.12000274658203,85.95542282987702,83.02731194089152,88.57746250975711,pypl
855,2018-11-23,77.94999694824219,85.81841967201979,82.94943058680437,88.63882560373152,pypl
856,2018-11-26,80.86000061035156,85.58894184455909,82.74075020917357,88.42895217009963,pypl
857,2018-11-27,81.97000122070312,85.7005642177171,82.93817711510553,88.43919841624003,pypl
858,2018-11-28,85.9800033569336,85.80983326461957,83.06351332722926,88.7155630384767,pypl
859,2018-11-29,84.26000213623047,85.88396168644147,83.17702188037927,88.76232290125986,pypl
860,2018-11-30,85.80999755859375,85.89615167655681,83.10505503156475,88.63476584220804,pypl
861,2018-12-03,87.9800033569336,85.91966553224643,82.86709550132983,88.73001680422607,pypl
862,2018-12-04,84.19000244140625,86.08541121846875,83.53764048016623,89.08106946922469,pypl
863,2018-12-06,85.81999969482422,86.32546001577582,83.48499746010843,89.23472307515999,pypl
864,2018-12-07,82.7699966430664,86.34008398747342,83.650964360525,89.2621162479226,pypl
865,2018-12-10,84.93000030517578,86.27863349991443,83.46165169228105,89.09049143797453,pypl
866,2018-12-11,85.51000213623047,86.39143067621816,83.65330607089885,89.16578958997208,pypl
867,2018-12-12,86.5,86.4766016602898,83.65267126768076,89.29429275431492,pypl
868,2018-12-13,87.55999755859375,86.50398025842351,83.79747649856066,89.35883666244268,pypl
869,2018-12-14,85.91999816894531,86.45017355069194,83.59751230853689,89.49032514212433,pypl
870,2018-12-17,84.0999984741211,86.20365558434995,83.19677558247814,89.0296881199867,pypl
871,2018-12-18,85.51000213623047,86.27203696378228,83.50123811556365,88.9895108688135,pypl
872,2018-12-19,84.02999877929688,86.32619046886711,83.57458590556516,89.1636959150051,pypl
873,2018-12-20,82.44000244140625,86.33832006283822,83.35685535810852,89.00822057477289,pypl
874,2018-12-21,78.13999938964844,86.28697162885193,83.57381972678293,89.19323999740548,pypl
875,2018-12-24,77.05999755859375,86.16580367226425,83.62094504404712,88.77984753701315,pypl
876,2018-12-26,82.80000305175781,86.47204576120315,83.70618524261351,89.18235992726382,pypl
877,2018-12-27,84.30999755859375,86.60355637938501,83.64155354504096,89.48615221973142,pypl
878,2018-12-28,83.26000213623047,86.68751157276242,83.877135905947,89.40889959876964,pypl
879,2018-12-31,84.08999633789062,87.0412005369247,84.34394058235027,90.01630226627461,pypl
880,2019-01-02,85.75,87.6886635330412,84.8394914597583,90.44890282688957,pypl
881,2019-01-03,82.08999633789062,87.98718770877427,85.30098772782053,90.67787537443967,pypl
882,2019-01-04,86.2699966430664,88.23071535219273,85.43253881767663,90.96590830551568,pypl
883,2019-01-07,86.93000030517578,88.98290352259099,86.22243247320935,91.8372779788412,pypl
884,2019-01-08,88.69999694824219,89.39966427321431,86.62164205552267,92.12886367370699,pypl
885,2019-01-09,89.55000305175781,89.7987729546425,87.02025813812378,92.68083145610088,pypl
886,2019-01-10,90.69999694824219,90.14541687331622,87.31597150302619,92.87586220324879,pypl
887,2019-01-11,90.6500015258789,90.41116177029666,87.55972077553369,93.07786847152516,pypl
888,2019-01-14,90.43000030517578,91.0712459835772,88.10524986416749,93.80836886479133,pypl
889,2019-01-15,91.5999984741211,91.40635861778567,88.49440112057627,94.05715354538678,pypl
890,2019-01-16,90.55000305175781,91.70082720891642,88.94633184865272,94.45760695747487,pypl
891,2019-01-17,90.4000015258789,91.92215413248387,89.31774726311261,94.60782282556124,pypl
892,2019-01-18,91.12000274658203,92.04469733541005,89.33327172420205,95.09738461098719,pypl
893,2019-01-22,89.94000244140625,92.3566625046637,89.5085273564483,95.42473513824605,pypl
894,2019-01-23,90.5,92.47176819175597,89.72627754410259,95.48784232490459,pypl
895,2019-01-24,92.19999694824219,92.51819004061214,89.54990447857041,95.28320066901861,pypl
896,2019-01-25,94.27999877929688,92.47409111495493,89.65518880181418,95.23213822402722,pypl
897,2019-01-28,92.30000305175781,92.21470481106321,89.32394857965721,94.89177057263589,pypl
898,2019-01-29,91.12000274658203,92.2687640550412,89.66521984353287,95.1169056374835,pypl
899,2019-01-30,92.41999816894531,92.30514298003163,89.57950028360543,95.06519149746603,pypl
900,2019-01-31,88.76000213623047,92.29671644649484,89.46729945385466,94.99387670517137,pypl
901,2019-02-01,90.01000213623047,92.22252660498604,89.36545719635436,95.00844198386427,pypl
902,2019-02-04,91.66000366210938,92.02177497181036,89.26944325578216,94.9990599079556,pypl
903,2019-02-05,92.2699966430664,92.14242180335711,89.44601696525675,95.00500706346236,pypl
904,2019-02-06,92.25,92.26636519726615,89.34021647502803,95.00990743321994,pypl
905,2019-02-07,90.8499984741211,92.3643029115696,89.47252347365311,95.18405700822902,pypl
906,2019-02-08,91.87000274658203,92.41275033397017,89.67713566250761,95.21873306618141,pypl
907,2019-02-11,92.69000244140625,92.64854095483997,89.81184091210162,95.27332857251038,pypl
908,2019-02-12,94.37999725341797,92.92720009556236,90.03155420097174,95.6028254836211,pypl
909,2019-02-13,94.01000213623047,93.21013459678333,90.37180886477758,96.12435363865742,pypl
910,2019-02-14,94.41999816894531,93.4649910739924,90.52794747840235,96.30062700256534,pypl
911,2019-02-15,94.91000366210938,93.66540644300322,90.94551617777383,96.34278143467685,pypl
912,2019-02-19,95.0199966430664,94.68991176970935,91.82410914792334,97.38410008135291,pypl
913,2019-02-20,94.7300033569336,95.06675319635383,92.46444497303759,97.79740841302048,pypl
914,2019-02-21,94.95999908447266,95.399737590463,92.65518166184836,98.064801026305,pypl
915,2019-02-22,95.9800033569336,95.6620274634196,93.14094007853144,98.61009370593918,pypl
916,2019-02-25,96.69999694824219,96.38810582664846,93.68564297096657,99.22666406930416,pypl
917,2019-02-26,96.58999633789062,96.77509062305899,93.93608568170039,99.61253461425147,pypl
918,2019-02-27,97.86000061035156,97.13809759079629,94.49038210518424,100.15149838202558,pypl
919,2019-02-28,98.06999969482422,97.44528293988043,94.75811189705256,100.16224648115337,pypl
920,2019-03-01,98.80000305175781,97.67134778040784,95.10266867771666,100.42247049150357,pypl
921,2019-03-04,96.56999969482422,98.24280539051136,95.41930730727788,100.96920619707068,pypl
922,2019-03-05,96.52999877929688,98.56851820797213,95.89759528489118,101.46056760152456,pypl
923,2019-03-06,96.45999908447266,98.868036074469,96.12526951995828,101.7164290734067,pypl
924,2019-03-07,96.20999908447266,99.11093221277964,96.43238663005944,101.9558515950341,pypl
925,2019-03-08,95.69000244140625,99.27316385298671,96.54853486274857,102.01104380341111,pypl
926,2019-03-11,97.44999694824219,99.66557182783085,96.76388859526375,102.3777351930597,pypl
927,2019-03-12,97.5,99.937969346489,97.15575177265096,102.99874072452273,pypl
928,2019-03-13,99.30999755859375,100.18795586861818,97.46221094693684,103.08048341913387,pypl
929,2019-03-14,99.02999877929688,100.38518044013166,97.54264299966472,103.20716099570328,pypl
930,2019-03-15,100.7300033569336,100.50551290498164,97.70364532103255,103.32925483285028,pypl
931,2019-03-18,100.2699966430664,100.79210339116774,97.81383696859965,103.58454775989358,pypl
932,2019-03-19,101.54000091552734,101.03452856130977,98.27028819296696,103.86706037322732,pypl
933,2019-03-20,102.30999755859375,101.25644129711546,98.187490988675,103.88928681943155,pypl
934,2019-03-21,104.1500015258789,101.42705566916227,98.57508354857023,104.16840298508096,pypl
935,2019-03-22,101.2699966430664,101.52185955306474,98.65451448150753,104.3734817722434,pypl
936,2019-03-25,101.55000305175781,101.735836805245,98.89121372619611,104.69616516240076,pypl
937,2019-03-26,103.1500015258789,101.9550984710458,99.0703818593922,104.7408876644539,pypl
938,2019-03-27,103.06999969482422,102.15453784248834,99.25657680926967,105.01060576113392,pypl
939,2019-03-28,103.86000061035156,102.30366000426291,99.54004627821578,105.20589792597748,pypl
940,2019-03-29,103.83999633789062,102.37835974093527,99.4750139086562,105.19850919683282,pypl
941,2019-04-01,105.55000305175781,102.54580192684398,99.77422964193718,105.25555071281792,pypl
942,2019-04-02,105.2300033569336,102.75625586156436,99.9377921396157,105.60436120366566,pypl
943,2019-04-03,104.69000244140625,102.9513432426183,100.01153288536456,105.95375750171924,pypl
944,2019-04-04,104.45999908447266,103.10119408847348,100.26823925261277,106.02942457983245,pypl
945,2019-04-05,105.7300033569336,103.18225777891172,100.67663096960989,105.81685162126901,pypl
946,2019-04-08,106.56999969482422,103.40645574230379,100.55671549177741,106.23704649264896,pypl
947,2019-04-09,106.93000030517578,103.64891887659097,101.04174739554824,106.57274397569279,pypl
948,2019-04-10,107.51000213623047,103.88238397602555,101.12302864540817,106.74875000349061,pypl
949,2019-04-11,106.45999908447266,104.0765815716119,101.40891018072723,106.93626417244332,pypl
950,2019-04-12,108.4800033569336,104.20736040897306,101.40038149315218,106.96199191480208,pypl
951,2019-04-15,108.13999938964844,104.60405419303993,101.71891022830674,107.45520458958708,pypl
952,2019-04-16,108.19999694824219,104.90801478006456,102.12389035764978,107.6769902685257,pypl
953,2019-04-17,108.80999755859375,105.20275918064853,102.46426959868573,108.1097864875859,pypl
954,2019-04-18,107.36000061035156,105.4565622622176,102.53144656636681,108.03264764304623,pypl
955,2019-04-22,106.80999755859375,106.17652701473658,103.45881902192217,108.93900062277969,pypl
956,2019-04-23,106.9000015258789,106.51042571575393,103.77107514782189,109.17850481268346,pypl
957,2019-04-24,107.22000122070312,106.82563288735082,103.90045675250994,109.64886028759781,pypl
958,2019-04-25,110.22000122070312,107.08967242016088,104.2407800488301,110.02084934402012,pypl
959,2019-04-26,110.55999755859375,107.27640983408062,104.49087759605173,109.89849531850055,pypl
960,2019-04-29,112.44000244140625,107.742546221913,104.93830769613005,110.57850815921006,pypl
961,2019-04-30,112.7699966430664,108.03374456815776,105.21313717795753,110.84701960748012,pypl
962,2019-05-01,110.94000244140625,108.29733814098817,105.66496880461442,111.20078000255188,pypl
963,2019-05-02,109.69999694824219,108.50206296045029,105.66252591429463,111.43586816776252,pypl
964,2019-05-03,111.95999908447266,108.6232351189676,105.96772549173245,111.4465279462314,pypl
965,2019-05-06,110.8499984741211,108.87245783317198,106.15990103869117,111.53205843921218,pypl
966,2019-05-07,108.94999694824219,109.09097628615226,106.45146474230887,111.73783388046888,pypl
967,2019-05-08,109.06999969482422,109.28500147440178,106.58927848347781,112.08767380024486,pypl
968,2019-05-09,109.7300033569336,109.42520118389889,106.70545909986865,112.3670652725114,pypl
969,2019-05-10,110.41000366210938,109.48871148724213,106.60882964274407,112.32166294132037,pypl
970,2019-05-13,106.83000183105469,109.62152109682216,106.67186069764112,112.43229194753722,pypl
971,2019-05-14,109.08999633789062,109.82395395996055,107.05966510432326,112.6231755453271,pypl
972,2019-05-15,111.5,110.01441201305849,107.30070559159431,112.78831378754253,pypl
973,2019-05-16,113.87000274658203,110.16373629782161,107.2812935357078,112.95803686602135,pypl
974,2019-05-17,112.80000305175781,110.2488661660429,107.539292526233,113.15533132105682,pypl
975,2019-05-20,112.1500015258789,110.51402425420068,107.7740719023736,113.31417845200426,pypl
976,2019-05-21,112.43000030517578,110.77885077062665,107.97614673694372,113.65438540796842,pypl
977,2019-05-22,112.47000122070312,111.03797285251072,108.171516066291,113.94523478241477,pypl
978,2019-05-23,109.9000015258789,111.26014404471523,108.37134964233668,114.07860605210422,pypl
979,2019-05-24,109.8499984741211,111.42004620320692,108.72188260111679,113.93479332930292,pypl
980,2019-05-28,111.79000091552734,112.22082507782804,109.54122982459958,114.92075753765607,pypl
981,2019-05-29,110.08000183105469,112.52902902681458,109.74855210458004,115.20310787962846,pypl
982,2019-05-30,111.41000366210938,112.78873308574205,109.87794996616594,115.44082140194705,pypl
983,2019-05-31,109.75,112.97300219645908,109.83284504468396,115.75637921999748,pypl
984,2019-06-03,105.5199966430664,113.43345083310983,110.81698418694185,116.38703394391706,pypl
985,2019-06-04,108.7300033569336,113.71984842989045,111.01791281405258,116.64839093587202,pypl
986,2019-06-05,110.7699966430664,113.97539163945993,111.07916999794608,116.61093632278707,pypl
987,2019-06-06,111.77999877929688,114.16776614934551,111.15020820812927,116.88954270585616,pypl
988,2019-06-07,114.0199966430664,114.27129928342552,111.55690381458083,117.26754038683903,pypl
989,2019-06-10,115.62000274658203,114.42752719604304,111.61322750050705,117.37218237761098,pypl
990,2019-06-11,114.5999984741211,114.59960936185983,111.896503103438,117.38574326076737,pypl
991,2019-06-12,114.5,114.73887305259542,111.93913262674188,117.34505088816103,pypl
992,2019-06-13,115.72000122070312,114.81592129545467,112.09371271057961,117.61168663521391,pypl
993,2019-06-14,116.16999816894531,114.8080428017085,111.81942479406413,117.70202664475241,pypl
994,2019-06-17,117.16000366210938,114.68214922153864,111.80334785330429,117.57285652007587,pypl
995,2019-06-18,115.9800033569336,114.78623526352597,111.86073763184406,117.46327874003214,pypl
996,2019-06-19,117.13999938964844,114.87417568403514,111.98165232692541,117.60378618841513,pypl
997,2019-06-20,118.79000091552734,114.91821929581884,112.29579502559727,117.864327370518,pypl
998,2019-06-21,116.20999908447266,114.89686509712861,112.09217148524108,117.55393827934712,pypl
999,2019-06-24,116.5,114.85258643579982,112.0892899779674,118.06200974508812,pypl
1000,2019-06-25,114.44000244140625,115.0236527143512,112.19956321149883,117.73467397119725,pypl
1001,2019-06-26,114.1500015258789,115.19674736331923,112.47283474128167,118.16836672458591,pypl
1002,2019-06-27,113.66999816894531,115.34237347331818,112.38701706417999,118.08374813623311,pypl
1003,2019-06-28,114.45999908447266,115.43685573488729,112.6913807869454,118.26923936035452,pypl
1004,2019-07-01,115.02999877929688,115.79857942918734,112.99683364310216,118.70052610720751,pypl
1005,2019-07-02,116.16999816894531,116.11416978774467,113.58845022850569,119.14755112235957,pypl
1006,2019-07-03,117.68000030517578,116.4308452638087,113.64639957269033,119.34908214937585,pypl
1007,2019-07-05,117.16000366210938,116.94182924529031,114.14645896095048,119.6628952513605,pypl
1008,2019-07-08,116.94999694824219,117.62236744974349,114.73603352590605,120.32030142196368,pypl
1009,2019-07-09,118.37000274658203,118.01024568158616,115.48950403771455,120.98555896081481,pypl
1010,2019-07-10,119.63999938964844,118.37884336416627,115.60695176155005,121.1529879342549,pypl
1011,2019-07-11,120.6500015258789,118.69392568442356,115.9459333060438,121.43571919969851,pypl
1012,2019-07-12,120.12000274658203,118.92764974215834,116.1253876782675,121.90957014634745,pypl
1013,2019-07-15,120.9000015258789,119.49463807775356,116.40440936018115,122.20136700316542,pypl
